Num,startDate,AG04AsymptomaticRate,AG04HospRate,AG04MortalityRate,AG517AsymptomaticRate,AG517HospRate,AG517MortalityRate,AG1849AsymptomaticRate,AG1849HospRate,AG1849MortalityRate,AG5064AsymptomaticRate,AG5064HospRate,AG5064MortalityRate,AG65AsymptomaticRate,AG65HospRate,AG65MortalityRate,IncubationTime,mildContagiousTime,symptomaticTime,hospitalSymptomaticTime,ICURate,ICUtime,PostICUTime,preHospTime,EDVisit,preContagiousTime,postContagiousTime,NumInfStart,householdcontactRate,ProbabilityOfTransmissionPerContact,symptomaticContactRateReduction,hospitalSymptomaticContactRateReduction,ImportationRate,InterventionRate,InterventionRateLow,InterventionMobilityEffect,AsymptomaticReducationTrans,InterventionPerIncrease,locked,InterventionEndPerIncrease
1,2020-02-11,0.99,0.01,0.0002,0.99,0.01,0.0002,0.903979163,0.046357338,0.039390352,0.808213305,0.268683597,0.105649238,0.712343516,0.252705766,0.327048554,2.912212011,4.373251972,9.756672904,6.973522564,0.241759629,17.88145804,4.724825731,7.496212624,0.399041841,2.510532089,1.622139299,53,36,0.041817085,0.856573104,0.828192084,8,0.27,0.58,0.73,0.657786739,0.5,0,0.770623358
2,2020-02-13,0.99,0.01,0.0002,0.99,0.01,0.0002,0.914492028,0.043974772,0.039631264,0.706105856,0.246096844,0.119199129,0.71747352,0.252974857,0.368514942,3.017679999,5.938221416,9.086741933,5.977013076,0.246317714,16.92873228,4.969845379,7.597651992,0.341850041,1.447878455,1.751903072,18,36,0.037478543,0.635075502,0.835064583,10,0.34,0.65,0.79,0.691120481,0.32,0,0.283547758
3,2020-02-11,0.99,0.01,0.0002,0.99,0.01,0.0002,0.921140692,0.035873966,0.03263861,0.790527235,0.263334513,0.107943714,0.739781368,0.254603254,0.36318813,2.569732691,5.956765175,8.520206107,5.267015397,0.240449028,16.11199847,4.16350667,7.441207555,0.293484219,1.311845479,1.7051726,92,36,0.041009798,0.655912592,0.568890499,8,0.34,0.51,0.86,0.711008238,0.48,0,0.594681168
4,2020-02-13,0.99,0.01,0.0002,0.99,0.01,0.0002,0.941635497,0.041954301,0.039617372,0.769180322,0.231736637,0.120578312,0.727503896,0.23716059,0.368401434,2.419821844,4.000960386,8.849901613,6.097750461,0.201523016,16.2434257,4.786024654,6.559868343,0.300819375,1.500517966,1.381792069,86,36,0.041359374,0.862545747,0.662890946,6,0.36,0.45,0.7,0.856478558,0.42,0,0.63797594
5,2020-02-07,0.99,0.01,0.0002,0.99,0.01,0.0002,0.900781951,0.045154533,0.036294478,0.739805135,0.240173596,0.143230466,0.708152582,0.266223494,0.351657114,3.572684277,4.40984886,9.715107149,6.486928613,0.212991714,17.16608444,3.79856921,7.145951338,0.37789958,2.836492059,1.558445374,66,36,0.040779138,0.81361772,0.652443598,7,0.11,0.46,0.7,0.631462035,0.21,0,0.769396429
6,2020-02-09,0.99,0.01,0.0002,0.99,0.01,0.0002,0.922363726,0.035108858,0.02119598,0.828090394,0.245692784,0.121927025,0.725015618,0.255759343,0.349765652,3.924160651,5.261937978,8.518302069,6.910727835,0.166222446,16.56687515,3.327180373,7.416776154,0.260092395,1.411827374,1.883082459,23,36,0.04134163,0.89866335,0.66907734,10,0.17,0.45,0.88,0.749472793,0.18,0,0.936526203
7,2020-02-08,0.99,0.01,0.0002,0.99,0.01,0.0002,0.925172209,0.035889266,0.022945242,0.736179586,0.241026814,0.144653134,0.735280825,0.244536625,0.335897808,2.42939001,4.78353952,9.172591744,5.805057124,0.203137907,15.91859989,4.258660577,6.259922005,0.348634057,2.513212573,1.234226407,75,36,0.037892035,0.858651826,0.857381086,4,0.09,0.41,0.85,0.748432863,0.34,0,0.459415544
8,2020-02-14,0.99,0.01,0.0002,0.99,0.01,0.0002,0.861888931,0.035507915,0.035328592,0.781966215,0.258757317,0.100600375,0.728985007,0.248134954,0.361535905,2.783928322,4.477332297,9.723153967,5.46685007,0.210269521,15.12035253,3.522660913,5.030229665,0.281869067,1.198022028,1.664566153,45,36,0.04122306,0.819297792,0.888609599,9,0.29,0.56,0.81,0.760251183,0.22,0,0.237856755
9,2020-02-07,0.99,0.01,0.0002,0.99,0.01,0.0002,0.915001676,0.046248247,0.034169868,0.852163885,0.269562645,0.125056932,0.70248596,0.252811822,0.358108066,2.020406079,4.545994541,9.820330681,6.034439911,0.227825745,16.86120103,4.287509311,6.960079233,0.332173526,1.965587957,1.523828351,96,36,0.040603043,0.824913853,0.721295327,1,0.34,0.5,0.89,0.677974864,0.45,0,0.442726307
10,2020-02-13,0.99,0.01,0.0002,0.99,0.01,0.0002,0.882777503,0.046912166,0.038899395,0.723206682,0.236979171,0.144085273,0.780858864,0.236858738,0.324907885,2.466328037,4.419839032,8.197073588,6.54802932,0.161957602,16.44445222,3.931561879,5.907759037,0.209799932,2.253208568,1.451115606,24,36,0.039972625,0.63050148,0.565977764,4,0.33,0.44,0.72,0.883281636,0.27,0,0.823458741
11,2020-02-13,0.99,0.01,0.0002,0.99,0.01,0.0002,0.94724467,0.035992559,0.031337761,0.722512837,0.251435493,0.128891534,0.737885322,0.248967304,0.322259265,3.705503451,5.070911123,8.699117792,5.650708641,0.160644342,15.86210939,3.285821869,7.229522893,0.211403523,1.344215442,1.706579086,32,36,0.038995945,0.876126024,0.890037425,10,0.3,0.51,0.72,0.807331448,0.23,0,0.975435071
12,2020-02-08,0.99,0.01,0.0002,0.99,0.01,0.0002,0.858143372,0.038152514,0.034247425,0.851401357,0.231640717,0.110560297,0.715450456,0.268374598,0.323375049,3.777218059,5.26969825,9.998145075,6.570028125,0.175062875,16.68601474,4.023808529,7.202046057,0.214375534,1.137439988,1.954443193,83,36,0.038038977,0.780993544,0.606913042,9,0.23,0.44,0.77,0.75308881,0.38,0,0.100281698
13,2020-02-11,0.99,0.01,0.0002,0.99,0.01,0.0002,0.861446492,0.045302474,0.024170326,0.770904161,0.235134022,0.114841351,0.840615937,0.247422296,0.320346069,3.496560394,5.11079814,9.738255391,5.189799658,0.201763471,15.33578673,3.991154318,5.071224176,0.304067445,1.754195181,1.972384591,13,36,0.040162371,0.871208914,0.694146713,10,0.32,0.47,0.71,0.877521444,0.49,0,0.703805545
14,2020-02-10,0.99,0.01,0.0002,0.99,0.01,0.0002,0.903480008,0.046694597,0.031079551,0.761635129,0.263612333,0.110250969,0.719990051,0.244039097,0.358857698,3.706002428,4.950745807,9.814826629,6.473345902,0.248850409,17.31715024,3.129518037,7.967005927,0.255211171,2.743307044,1.721991644,48,36,0.039365759,0.85546101,0.892762048,6,0.12,0.47,0.89,0.746908564,0.37,0,0.82062824
15,2020-02-06,0.99,0.01,0.0002,0.99,0.01,0.0002,0.917742819,0.046511884,0.027445755,0.707603297,0.233666926,0.12502068,0.731673132,0.251319951,0.358732675,3.367934711,4.950079692,9.87487996,5.713874659,0.193206482,16.58316595,4.758978937,7.866551575,0.30124468,1.127471629,1.760665024,64,36,0.041890005,0.864183803,0.577849803,4,0.19,0.4,0.89,0.787907872,0.28,0,0.881920472
16,2020-02-06,0.99,0.01,0.0002,0.99,0.01,0.0002,0.853414203,0.044489401,0.020188332,0.714764374,0.231176671,0.122889969,0.773116804,0.256902113,0.30547351,3.423755131,5.869600466,9.199987112,6.02227112,0.233980577,15.87878877,3.23743172,6.777107738,0.379028,2.015118814,1.491784919,20,36,0.040053206,0.762932834,0.888808118,5,0.31,0.58,0.79,0.729148717,0.35,0,0.859902007
17,2020-02-10,0.99,0.01,0.0002,0.99,0.01,0.0002,0.852827236,0.03012043,0.039778666,0.703431005,0.235000809,0.102478941,0.787239601,0.242361227,0.351725649,3.199116396,4.639759184,8.291692956,6.736986746,0.151417526,17.70114385,3.844742557,6.523236434,0.397610026,2.034773224,1.150751811,43,36,0.040347228,0.771212266,0.667268437,9,0.3,0.59,0.89,0.768875741,0.37,0,0.547431872
18,2020-02-16,0.99,0.01,0.0002,0.99,0.01,0.0002,0.893864219,0.042650942,0.0277453,0.815063874,0.262854091,0.11999073,0.784542405,0.265037346,0.331010834,2.03491199,5.117640888,9.484113488,6.048779287,0.155733919,16.68846196,4.319156356,5.913796555,0.361192262,2.311991895,1.352144928,73,36,0.040355313,0.71606873,0.85437596,6,0.25,0.46,0.77,0.830081865,0.29,0,0.986714181
19,2020-02-11,0.99,0.01,0.0002,0.99,0.01,0.0002,0.85723311,0.046984767,0.038494262,0.854676014,0.268169685,0.111726704,0.781345743,0.262290313,0.310763403,2.761863294,5.878728429,8.951182183,5.424117567,0.216752494,15.82748539,4.846539796,5.644666544,0.27958711,1.363740735,1.682215989,43,36,0.039329384,0.800565732,0.892242638,10,0.26,0.5,0.76,0.761220391,0.39,0,0.347785819
20,2020-02-11,0.99,0.01,0.0002,0.99,0.01,0.0002,0.882895004,0.036758211,0.023067886,0.809368331,0.25171468,0.110285931,0.850577737,0.251103743,0.347598663,2.349338451,5.115640287,9.033403312,6.115449246,0.224415018,16.58403192,3.131130725,7.980852317,0.331495781,2.858094524,1.627391145,58,36,0.039495422,0.888800006,0.664291266,9,0.31,0.44,0.86,0.78550992,0.37,0,0.227120898
21,2020-02-06,0.99,0.01,0.0002,0.99,0.01,0.0002,0.865568625,0.030969269,0.023821573,0.724317494,0.230722525,0.136688578,0.732816483,0.266934031,0.308371824,3.778464501,5.116105713,9.065579159,5.567392169,0.220801066,15.75503867,4.218390092,7.642466269,0.218208528,1.898962708,1.544851762,75,36,0.037601007,0.889956293,0.759223568,6,0.28,0.61,0.72,0.870559577,0.23,0,0.777190288
22,2020-02-11,0.99,0.01,0.0002,0.99,0.01,0.0002,0.908140852,0.04161096,0.038189182,0.888786343,0.264854526,0.100500313,0.800801669,0.269448161,0.334126323,3.296426139,5.17224776,8.13560453,5.845308903,0.232117221,14.89044033,3.227339211,5.106480123,0.255328631,2.517974652,1.786647328,81,36,0.040082506,0.861675864,0.530827488,7,0.12,0.6,0.72,0.844722306,0.4,0,0.847777602
23,2020-02-18,0.99,0.01,0.0002,0.99,0.01,0.0002,0.926742323,0.038518995,0.027706863,0.820018724,0.237474097,0.124618453,0.831207793,0.233406895,0.322926687,2.086470292,5.51699229,8.86391879,6.543792858,0.213316665,17.37942147,3.026612601,7.761969025,0.227637223,1.817010978,1.779411646,53,36,0.039439474,0.819451505,0.806587254,8,0.18,0.53,0.73,0.885317366,0.41,0,0.222354174
24,2020-02-09,0.99,0.01,0.0002,0.99,0.01,0.0002,0.865724895,0.047673655,0.037393486,0.704833087,0.258814521,0.140891597,0.727186248,0.239057313,0.313993179,2.212369518,4.665953877,9.135312492,5.091915979,0.226561033,14.62754467,3.972201242,6.24728967,0.29907948,2.28085709,1.735595929,42,36,0.038803591,0.816790007,0.594990721,3,0.1,0.56,0.82,0.880349897,0.43,0,0.704373543
25,2020-02-13,0.99,0.01,0.0002,0.99,0.01,0.0002,0.937587882,0.031046578,0.030044493,0.898120829,0.242661432,0.122168663,0.800459636,0.236209184,0.307236501,2.839661963,5.307789242,9.752404087,5.740486849,0.16611301,16.48637533,3.180364811,7.227541892,0.247911631,1.325636955,1.320269331,69,36,0.039724761,0.672545324,0.697735006,6,0.24,0.61,0.77,0.883069678,0.3,0,0.336421868
26,2020-02-12,0.99,0.01,0.0002,0.99,0.01,0.0002,0.888817674,0.043950947,0.036129225,0.81591051,0.24710813,0.122244989,0.830163188,0.247095418,0.313655068,2.959725846,5.700657604,8.721315652,6.553522858,0.248231495,16.83606178,4.190277463,7.19563919,0.336862691,2.441394776,1.234706296,57,36,0.041338725,0.734278092,0.572362247,6,0.26,0.42,0.86,0.763717221,0.19,0,0.131793132
27,2020-02-14,0.99,0.01,0.0002,0.99,0.01,0.0002,0.889873505,0.044452009,0.03687413,0.774201314,0.261335631,0.126232001,0.878496171,0.243793394,0.345213535,2.623584081,4.863356193,9.834415222,6.06343031,0.18178627,15.27965808,4.147711432,6.603034513,0.289734896,2.456220961,1.108037619,69,36,0.039440256,0.831311017,0.504482176,5,0.23,0.55,0.9,0.873666349,0.33,0,0.989809412
28,2020-02-12,0.99,0.01,0.0002,0.99,0.01,0.0002,0.860835662,0.038846087,0.021035442,0.808428881,0.259282632,0.107255534,0.706079084,0.235151193,0.349614481,2.71971845,5.674636972,9.244880838,6.311006083,0.165544504,16.00542969,3.825439377,5.789252354,0.393280492,1.143078754,1.61688975,86,36,0.037492879,0.659115462,0.839543273,8,0.32,0.5,0.72,0.799996224,0.23,0,0.920438006
29,2020-02-09,0.99,0.01,0.0002,0.99,0.01,0.0002,0.860971164,0.030576492,0.025288632,0.750861523,0.26676756,0.11894493,0.783928995,0.25768073,0.338928053,2.667078056,4.690452194,9.168129773,6.831671294,0.205048939,17.00452702,3.967410913,7.31566985,0.243135157,1.473314743,1.730274187,42,36,0.038632649,0.813805194,0.816458152,9,0.21,0.41,0.79,0.774370797,0.15,0,0.325129341
30,2020-02-10,0.99,0.01,0.0002,0.99,0.01,0.0002,0.939547013,0.043482266,0.037820778,0.719470929,0.261980138,0.144385197,0.707037044,0.234566101,0.367747239,2.618343666,5.846665425,8.983329769,5.585467448,0.203635273,15.50900688,4.43386361,6.427010884,0.298963778,1.532637736,1.5318281,90,36,0.040489066,0.690348063,0.64941369,6,0.23,0.5,0.79,0.66551782,0.45,0,0.536468701
31,2020-02-16,0.99,0.01,0.0002,0.99,0.01,0.0002,0.904986934,0.032851765,0.027621499,0.722803652,0.233586835,0.137858605,0.829351588,0.235810579,0.324451832,2.220904777,5.456686268,9.380306392,6.231981005,0.216800472,16.84758839,3.696797661,5.414346888,0.354157933,2.880424003,1.790391803,50,36,0.038849806,0.770351797,0.790389538,8,0.32,0.63,0.76,0.831118182,0.44,0,0.930701272
32,2020-02-11,0.99,0.01,0.0002,0.99,0.01,0.0002,0.946954512,0.039349954,0.036097152,0.737952008,0.259209634,0.137073785,0.772085298,0.239543566,0.334066388,2.470011476,5.009170026,9.820623529,6.072290736,0.187057143,16.66070751,4.963260518,7.954987915,0.335823895,2.755178978,1.991931114,60,36,0.041604539,0.703431451,0.743054167,5,0.39,0.5,0.82,0.772438979,0.27,0,0.181005501
33,2020-02-05,0.99,0.01,0.0002,0.99,0.01,0.0002,0.912932696,0.030597494,0.032192298,0.8434364,0.256793804,0.130208785,0.718909991,0.269486455,0.365520053,3.462838101,5.69814909,8.000164014,6.036958246,0.194257454,15.20110881,4.813672577,7.264943697,0.273471412,2.060472851,1.855037134,68,36,0.038222531,0.703867224,0.823146959,5,0.27,0.43,0.81,0.821082369,0.21,0,0.947888153
34,2020-02-11,0.99,0.01,0.0002,0.99,0.01,0.0002,0.907884779,0.033386148,0.038570352,0.709517387,0.264773519,0.110909204,0.722522603,0.239717673,0.363447886,2.962775343,5.723666781,9.34938044,5.076685839,0.205576034,15.68551068,4.316132892,6.715996773,0.36526809,1.431502439,1.760716621,2,36,0.041873363,0.838053889,0.821235488,9,0.38,0.6,0.76,0.530616971,0.12,0,0.237437427
35,2020-02-11,0.99,0.01,0.0002,0.99,0.01,0.0002,0.865682948,0.045239434,0.0386172,0.758503014,0.263086932,0.144198245,0.716196964,0.267800933,0.312494481,3.010322156,4.270637389,8.728734731,5.003996944,0.156093586,14.24347726,4.967804896,5.851999806,0.358641592,2.48124803,1.580048283,22,36,0.04135754,0.824612339,0.726098358,9,0.36,0.54,0.85,0.710895118,0.14,0,0.864381129
36,2020-02-14,0.99,0.01,0.0002,0.99,0.01,0.0002,0.855375201,0.040053979,0.024238368,0.736882123,0.24038661,0.149133981,0.893205388,0.246073622,0.344959611,2.047981914,4.90585031,9.514482519,6.739360303,0.228253846,16.85761886,3.633277352,7.374399414,0.343037427,1.624319186,1.809606085,88,36,0.039960596,0.625200971,0.832799201,7,0.23,0.61,0.81,0.819841494,0.32,0,0.761951694
37,2020-02-11,0.99,0.01,0.0002,0.99,0.01,0.0002,0.890382505,0.044024123,0.035241465,0.741986538,0.266915921,0.122040809,0.839588185,0.234976108,0.357418118,3.503268212,4.677590052,8.416735775,6.717321601,0.17485735,16.39520738,3.482164147,7.869751982,0.398223824,1.691878464,1.953177833,20,36,0.038336068,0.800784528,0.776961544,9,0.23,0.47,0.75,0.860736099,0.13,0,0.525178916
38,2020-02-10,0.99,0.01,0.0002,0.99,0.01,0.0002,0.855825871,0.047806547,0.027806914,0.775565877,0.231583938,0.123320747,0.802815414,0.234543349,0.325891027,2.820369041,5.039767834,9.923839925,5.18523032,0.196436564,16.00096393,3.599812973,5.713890138,0.398979265,2.950038775,1.524960233,3,36,0.03858789,0.700778388,0.621418196,9,0.09,0.44,0.79,0.81065712,0.22,0,0.699741526
39,2020-02-07,0.99,0.01,0.0002,0.99,0.01,0.0002,0.850520958,0.03620961,0.036538623,0.710529301,0.241543792,0.109582174,0.860404957,0.258124462,0.330541482,2.406514724,4.917570021,9.415367843,6.806947599,0.220244424,16.01885457,4.812551513,7.41095246,0.295281192,2.635160333,1.215673472,22,36,0.040150049,0.823011623,0.726274834,2,0.13,0.55,0.71,0.777979179,0.28,0,0.979817771
40,2020-02-14,0.99,0.01,0.0002,0.99,0.01,0.0002,0.918084802,0.04988348,0.026797139,0.768882425,0.238878331,0.117711316,0.708609469,0.251372844,0.364429413,2.518140901,5.848257505,8.387818215,5.090393455,0.236905584,15.61906371,3.419349833,6.795681314,0.285904221,2.812598233,1.680162482,63,36,0.038673321,0.811385917,0.845656492,7,0.11,0.42,0.76,0.677400599,0.22,0,0.317788206
41,2020-02-15,0.99,0.01,0.0002,0.99,0.01,0.0002,0.925499961,0.04782456,0.029029155,0.795573141,0.247280685,0.137482976,0.856282013,0.269913451,0.368808039,2.296186755,5.597026091,8.93317388,6.368619477,0.154022479,15.81134064,4.940691778,7.356779931,0.386425027,2.822022147,1.762450388,8,36,0.038751939,0.841015764,0.728768624,6,0.15,0.41,0.78,0.824610518,0.39,0,0.642027312
42,2020-02-06,0.99,0.01,0.0002,0.99,0.01,0.0002,0.868429609,0.034401516,0.031473965,0.701184417,0.23731378,0.120565623,0.775044624,0.233846604,0.336919887,2.392963536,4.960861693,8.867416146,5.251281555,0.239368354,14.62585905,3.33961772,7.338723009,0.208484175,2.699882678,1.513184425,61,36,0.037254199,0.775011765,0.664536913,4,0.12,0.46,0.86,0.688566623,0.11,0,0.495659446
43,2020-02-13,0.99,0.01,0.0002,0.99,0.01,0.0002,0.864209751,0.04821277,0.028494815,0.743543252,0.234934308,0.117873083,0.809514589,0.25192055,0.317198695,2.038445075,5.187915814,8.00571792,6.903384749,0.230956872,16.45239073,3.131104822,7.755589002,0.327800021,2.101470459,1.47855794,9,36,0.040244763,0.63660853,0.629765044,7,0.13,0.59,0.81,0.668742607,0.11,0,0.938077617
44,2020-02-13,0.99,0.01,0.0002,0.99,0.01,0.0002,0.936951863,0.041105746,0.022764037,0.82832925,0.255323094,0.126860508,0.759831568,0.243568544,0.36364976,2.251777204,5.114181028,9.58576112,5.354558817,0.175587668,14.80900466,3.934688218,6.930804863,0.269231689,2.088162032,1.281730385,90,36,0.038617257,0.799432961,0.787605603,9,0.13,0.43,0.75,0.771516529,0.5,0,0.592064376
45,2020-02-06,0.99,0.01,0.0002,0.99,0.01,0.0002,0.939013561,0.044773968,0.034156533,0.797618789,0.261036896,0.135534249,0.818263247,0.258866811,0.308122786,3.430238837,4.486115763,9.007332848,6.276763544,0.22537616,15.72306349,3.896220456,6.00313055,0.241356883,1.826318939,1.788277911,92,36,0.039692192,0.888713452,0.615841698,5,0.39,0.5,0.73,0.864694211,0.14,0,0.380305034
46,2020-02-06,0.99,0.01,0.0002,0.99,0.01,0.0002,0.860896425,0.034490245,0.036894096,0.799737159,0.23572354,0.140944431,0.737551527,0.254669682,0.325711437,3.725715714,5.598209785,9.89825043,6.008579932,0.246104051,15.28255193,4.697031547,5.996054655,0.332246073,2.366026528,1.697829085,22,36,0.041878209,0.690659429,0.600686962,7,0.3,0.43,0.9,0.622912124,0.5,0,0.348955584
47,2020-02-07,0.99,0.01,0.0002,0.99,0.01,0.0002,0.855697877,0.039556604,0.03269459,0.737199223,0.235509653,0.121077665,0.761908518,0.251291143,0.314671227,2.4635532,4.109159734,9.989567702,6.75529332,0.233497235,16.68822112,4.313327932,7.648580704,0.377987298,2.288374816,1.844153267,16,36,0.039734392,0.799453389,0.746872918,5,0.14,0.45,0.71,0.683902482,0.33,0,0.532449968
48,2020-02-13,0.99,0.01,0.0002,0.99,0.01,0.0002,0.91599455,0.038064553,0.027420082,0.771065362,0.264635724,0.119981255,0.798597305,0.260934444,0.306843031,3.19989374,4.648738124,9.618878547,5.322907296,0.228525775,15.03155089,3.079513602,7.968736958,0.379094545,1.650964228,1.122905571,84,36,0.041110897,0.761308149,0.886268821,9,0.1,0.45,0.82,0.831482474,0.28,0,0.420664448
49,2020-02-13,0.99,0.01,0.0002,0.99,0.01,0.0002,0.926501548,0.037868064,0.03899318,0.741017524,0.248153713,0.145321655,0.723117802,0.254350012,0.335552179,2.131702022,5.045721811,9.70064668,6.956145657,0.245340631,17.24621333,4.452602584,5.756996808,0.2263444,1.714601065,1.622352007,38,36,0.039657838,0.675816627,0.624005713,8,0.29,0.49,0.81,0.682542744,0.27,0,0.394327273
50,2020-02-04,0.99,0.01,0.0002,0.99,0.01,0.0002,0.859272049,0.034530134,0.02841629,0.737418233,0.246821822,0.105393494,0.728490248,0.252052427,0.313004227,3.587583846,5.770654703,9.683848102,6.902829794,0.217438658,17.86748369,4.489362751,6.737689294,0.336973236,2.634143214,1.200721581,75,36,0.038447832,0.84124547,0.682173062,5,0.21,0.53,0.82,0.799286455,0.42,0,0.274055981
51,2020-02-13,0.99,0.01,0.0002,0.99,0.01,0.0002,0.903467845,0.038161365,0.032761597,0.828049388,0.261741657,0.139873655,0.70519032,0.243003623,0.367700412,2.142073714,4.374269588,8.933156288,5.847888499,0.220264751,15.82961259,3.137289139,5.376359671,0.272884745,2.955943216,1.761576811,55,36,0.041741567,0.820262367,0.595342118,5,0.35,0.43,0.76,0.76498891,0.24,0,0.409054287
52,2020-02-09,0.99,0.01,0.0002,0.99,0.01,0.0002,0.873648374,0.046629246,0.022173311,0.729954655,0.256957771,0.116158327,0.717734722,0.25123229,0.324209063,2.150693643,5.220477067,8.445469546,5.21856271,0.19520548,14.43424781,4.352600325,6.511290542,0.332681731,2.567490811,1.809214128,3,36,0.041325529,0.821545553,0.527078529,4,0.24,0.58,0.84,0.739458222,0.23,0,0.595217751
53,2020-02-14,0.99,0.01,0.0002,0.99,0.01,0.0002,0.896272217,0.049325432,0.03359241,0.763112023,0.255346691,0.128950969,0.83757358,0.253907268,0.308619851,2.643275483,5.506201135,8.971493912,6.198022076,0.201537128,16.12383798,4.3512367,6.338809517,0.313269042,1.766771839,1.350228836,18,36,0.038978631,0.605618847,0.601542229,8,0.16,0.4,0.75,0.800875095,0.34,0,0.566661298
54,2020-02-11,0.99,0.01,0.0002,0.99,0.01,0.0002,0.888466625,0.034777334,0.02787094,0.795894861,0.25061327,0.136818054,0.85670542,0.233740956,0.318635679,2.928970841,4.12671087,9.259049874,5.603023822,0.245023609,14.60940498,3.54177125,7.787791336,0.30376162,1.130551188,1.197410641,62,36,0.041974932,0.823536238,0.627810026,10,0.26,0.45,0.9,0.863817976,0.1,0,0.796787926
55,2020-02-08,0.99,0.01,0.0002,0.99,0.01,0.0002,0.875495799,0.031815554,0.033909274,0.717598049,0.237388733,0.137618897,0.817414261,0.268179846,0.322116199,3.047349558,4.266063476,8.037151358,5.14942166,0.190423488,15.3215669,4.191990977,7.306210349,0.291382511,2.469543345,1.842674724,1,36,0.040891295,0.875391663,0.598153516,9,0.18,0.59,0.81,0.743053936,0.46,0,0.175140473
56,2020-02-11,0.99,0.01,0.0002,0.99,0.01,0.0002,0.887830791,0.049823442,0.038743183,0.777879432,0.253299608,0.116562027,0.862636438,0.239547103,0.359804194,3.187777621,4.102457881,9.522594542,6.261158719,0.222877258,16.12887116,4.623103362,5.161758273,0.242234879,2.974631966,1.947358258,64,36,0.041868969,0.811024752,0.804587895,10,0.19,0.49,0.78,0.863891119,0.34,0,0.920303101
57,2020-02-13,0.99,0.01,0.0002,0.99,0.01,0.0002,0.881246856,0.033903772,0.029013133,0.774758921,0.26858314,0.12516504,0.715699401,0.241878103,0.322738484,2.884056382,5.660827997,8.227708963,5.955646153,0.201558783,15.23538145,4.956302547,7.551639879,0.237192106,1.921345491,1.448121651,77,36,0.041789737,0.777220205,0.609134127,10,0.19,0.43,0.71,0.589883866,0.18,0,0.523089499
58,2020-02-14,0.99,0.01,0.0002,0.99,0.01,0.0002,0.852275256,0.047646822,0.023028104,0.826582624,0.250938628,0.10421619,0.741263439,0.260161564,0.35459733,2.551151391,4.725856416,8.891769153,6.943253499,0.187677005,17.3708647,4.247040355,7.045223851,0.38525906,2.044800935,1.684255512,52,36,0.039032035,0.716154479,0.633957784,8,0.16,0.56,0.87,0.847676957,0.45,0,0.924568485
59,2020-02-06,0.99,0.01,0.0002,0.99,0.01,0.0002,0.945919344,0.045862189,0.029665103,0.848995201,0.269513598,0.119881992,0.852568769,0.261154004,0.366333773,3.369553416,5.829593053,9.010449477,6.774330453,0.181521864,17.27322087,3.458253664,7.389813393,0.278643059,1.033696696,1.418772817,3,36,0.038974393,0.801942113,0.873731946,4,0.37,0.61,0.76,0.828407305,0.31,0,0.555940618
60,2020-02-15,0.99,0.01,0.0002,0.99,0.01,0.0002,0.897543421,0.045407604,0.022813987,0.754251724,0.245353133,0.132327617,0.791712509,0.234115725,0.349264709,2.803631048,5.172842764,8.839439651,6.378537889,0.221878293,16.48561266,4.894718571,6.593849657,0.35144351,1.584341885,1.917557415,83,36,0.037981796,0.852147567,0.75344537,7,0.36,0.45,0.71,0.865587784,0.16,0,0.309211356
61,2020-02-13,0.99,0.01,0.0002,0.99,0.01,0.0002,0.936001916,0.040777337,0.024203793,0.83884646,0.258383982,0.135036237,0.718001586,0.246418602,0.35828715,2.861498562,5.298822169,8.888296648,6.847130401,0.189450974,16.41815045,3.70097925,7.624547294,0.200567513,1.106229679,1.402654152,76,36,0.037105702,0.613762605,0.708359999,6,0.36,0.55,0.76,0.888037105,0.46,0,0.537342775
62,2020-02-14,0.99,0.01,0.0002,0.99,0.01,0.0002,0.923190551,0.047710934,0.026553044,0.828087313,0.242243785,0.136912047,0.784241253,0.24341488,0.318007223,2.539504034,5.642276757,9.534405086,6.284972493,0.198031526,15.32799599,4.785147659,5.606645786,0.258605414,1.017098017,1.548826687,12,36,0.04188038,0.719552565,0.612256184,9,0.27,0.49,0.87,0.694898212,0.37,0,0.893946758
63,2020-02-10,0.99,0.01,0.0002,0.99,0.01,0.0002,0.946377817,0.036899057,0.02703527,0.781483028,0.261125047,0.122876874,0.725381168,0.230826632,0.363036695,2.829944789,5.228413026,9.858649845,6.041221831,0.153570558,15.11767804,4.88569625,5.249227141,0.245279976,1.715902788,1.243097653,27,36,0.04062554,0.892361372,0.879642275,4,0.18,0.48,0.9,0.896128118,0.11,0,0.754205544
64,2020-02-12,0.99,0.01,0.0002,0.99,0.01,0.0002,0.905211732,0.036219004,0.031356787,0.881304805,0.236822113,0.129599919,0.823933542,0.248206744,0.333009634,2.981387029,5.990644,9.821209112,6.22340444,0.243031997,16.8550722,3.700697709,6.567083388,0.229413485,1.026573143,1.00073798,49,36,0.038860628,0.672631346,0.594189126,9,0.13,0.41,0.79,0.862817028,0.27,0,0.731297853
65,2020-02-11,0.99,0.01,0.0002,0.99,0.01,0.0002,0.947686942,0.039622639,0.022386747,0.75683582,0.257987414,0.133218494,0.778169153,0.257362542,0.349115404,2.7280268,4.387988922,9.771106899,5.959850963,0.21811344,15.81355885,4.546838005,7.022410304,0.368137579,1.809067536,1.146552698,42,36,0.039844754,0.607657954,0.876836577,8,0.12,0.6,0.8,0.874435289,0.13,0,0.995444282
66,2020-02-10,0.99,0.01,0.0002,0.99,0.01,0.0002,0.947893221,0.047905155,0.028885619,0.82125313,0.255044833,0.145910874,0.784873356,0.258358565,0.337458947,3.438526774,5.547178611,8.036666993,5.395115228,0.173960184,15.81015314,4.510546368,5.246111083,0.224570798,2.852238218,1.190593941,74,36,0.040108687,0.706392063,0.699502916,9,0.34,0.44,0.75,0.820356113,0.12,0,0.897958636
67,2020-02-14,0.99,0.01,0.0002,0.99,0.01,0.0002,0.924818132,0.034362805,0.037848019,0.859368091,0.234793465,0.146632535,0.801012915,0.236758755,0.302574748,3.028707354,5.628200422,8.392630774,5.35940028,0.202959933,16.1797331,3.740294355,7.753336713,0.333460768,1.066091368,1.018092047,65,36,0.038140935,0.719336228,0.815702609,10,0.27,0.41,0.74,0.873441357,0.34,0,0.511854435
68,2020-02-11,0.99,0.01,0.0002,0.99,0.01,0.0002,0.859045537,0.04396328,0.024595644,0.752710801,0.264416759,0.14566926,0.73593835,0.239382079,0.321421916,2.092022533,4.44326014,8.744256231,5.057979955,0.19960314,14.44704711,4.245253469,6.621440755,0.239617561,2.851072142,1.741697979,69,36,0.037808003,0.627326328,0.787037056,6,0.29,0.58,0.88,0.887054513,0.19,0,0.406245299
69,2020-02-18,0.99,0.01,0.0002,0.99,0.01,0.0002,0.920541869,0.04227391,0.022609435,0.731906198,0.232762861,0.113532093,0.792873892,0.259982738,0.337475701,2.69752822,4.766132622,9.470956104,6.786857019,0.188037653,16.53269028,4.574194428,6.52328393,0.354232098,2.500263704,1.698805505,14,36,0.041523722,0.873799546,0.640071293,10,0.19,0.6,0.7,0.871892002,0.27,0,0.610659084
70,2020-02-09,0.99,0.01,0.0002,0.99,0.01,0.0002,0.903199022,0.048984563,0.027665053,0.742007166,0.26076639,0.124973183,0.82666225,0.267301955,0.347539609,2.566584637,4.332238719,9.29439243,5.395650565,0.161425391,15.94847269,3.325695083,5.505230461,0.357637647,2.767407759,1.473214072,20,36,0.040918538,0.706514964,0.86568731,4,0.37,0.56,0.74,0.892393709,0.35,0,0.846939131
71,2020-02-13,0.99,0.01,0.0002,0.99,0.01,0.0002,0.870758365,0.045796577,0.030524597,0.807874926,0.259448186,0.10997571,0.818408051,0.266326559,0.369210186,3.151733887,5.055732641,9.146838029,5.161545046,0.161382961,16.03631208,3.589403166,5.511034778,0.237247632,2.264350871,1.7709471,19,36,0.041203075,0.683313808,0.873941657,8,0.38,0.4,0.82,0.787372794,0.41,0,0.496885519
72,2020-02-09,0.99,0.01,0.0002,0.99,0.01,0.0002,0.892345553,0.037642584,0.035274674,0.820160652,0.252813824,0.111054984,0.81752237,0.24351284,0.341321688,2.931941489,4.403592993,9.596985078,5.539174585,0.23993019,14.63922076,4.277477514,7.579871259,0.289349328,1.028884949,1.551678114,71,36,0.041351175,0.899901692,0.615293665,5,0.15,0.48,0.73,0.894686179,0.2,0,0.457468674
73,2020-02-07,0.99,0.01,0.0002,0.99,0.01,0.0002,0.873378886,0.042010442,0.02901647,0.801615134,0.238034455,0.13823319,0.707513551,0.233142811,0.303855535,3.991017765,5.581368425,8.341390141,5.014975412,0.245458978,14.96815594,3.180545028,6.828760053,0.389192145,1.29042858,1.607914696,6,36,0.03765542,0.894622788,0.677220661,7,0.21,0.62,0.86,0.86032859,0.44,0,0.43254872
74,2020-02-15,0.99,0.01,0.0002,0.99,0.01,0.0002,0.866174995,0.046412777,0.030232922,0.790333604,0.251474707,0.144606942,0.802885177,0.240659879,0.349197467,2.294911563,4.665551375,8.89448548,6.376297197,0.193758434,16.22290611,3.497984956,5.973987541,0.297251934,1.575862948,1.293791308,16,36,0.039958264,0.857159117,0.587591728,9,0.36,0.55,0.74,0.8883437,0.48,0,0.941975287
75,2020-02-09,0.99,0.01,0.0002,0.99,0.01,0.0002,0.907220004,0.037437189,0.039758083,0.842860675,0.233760678,0.139973877,0.854463452,0.234377818,0.360460759,3.420242121,5.652352242,9.664324291,6.186756949,0.199018672,16.44922037,4.326963535,7.733369337,0.208393462,1.337491127,1.976041975,38,36,0.037818763,0.76922921,0.708295561,9,0.39,0.46,0.71,0.862580893,0.29,0,0.650185087
76,2020-02-04,0.99,0.01,0.0002,0.99,0.01,0.0002,0.892605636,0.045256045,0.022241208,0.744637269,0.241943153,0.110766348,0.807982679,0.26438273,0.350925495,3.130725886,5.909610096,8.492495543,6.300717589,0.16683401,16.21677052,4.567652562,5.608458688,0.398520005,2.686179595,1.967324227,29,36,0.040143853,0.817094678,0.80296674,5,0.31,0.62,0.87,0.790939051,0.24,0,0.571191302
77,2020-02-12,0.99,0.01,0.0002,0.99,0.01,0.0002,0.891248027,0.04229586,0.0272716,0.763637509,0.257166561,0.112490127,0.853172004,0.23585694,0.353105926,2.269663393,5.757697251,9.688065623,6.23986094,0.238509206,16.49373314,4.810388926,6.335704441,0.314527235,1.567894026,1.902577156,38,36,0.040702072,0.862877956,0.733952167,9,0.37,0.5,0.88,0.688199139,0.14,0,0.660875671
78,2020-02-10,0.99,0.01,0.0002,0.99,0.01,0.0002,0.851915996,0.032526096,0.039920685,0.798088062,0.269199294,0.112829234,0.736102827,0.241962957,0.330864867,2.593520963,5.209048074,8.349891801,5.703757111,0.245947317,15.92676824,3.078951733,7.434959359,0.358979543,2.148462881,1.061110098,98,36,0.041031971,0.857158805,0.796821188,10,0.24,0.61,0.79,0.654047854,0.37,0,0.954587714
79,2020-02-11,0.99,0.01,0.0002,0.99,0.01,0.0002,0.906766427,0.041394545,0.032548922,0.783210499,0.244839477,0.108673553,0.887938885,0.267429425,0.345381556,2.645822573,5.717518155,9.501096616,6.103356493,0.157585055,16.62187768,3.047515676,7.149052695,0.362441084,1.352910156,1.820288981,56,36,0.041361468,0.838876468,0.688960365,7,0.17,0.41,0.79,0.710260592,0.17,0,0.79157752
80,2020-02-11,0.99,0.01,0.0002,0.99,0.01,0.0002,0.925657052,0.032211769,0.020436369,0.847802398,0.24129126,0.114193039,0.823854257,0.252400146,0.313856832,2.224268158,5.806063804,9.288191054,5.066365784,0.229695524,15.18326639,4.467311864,5.950092263,0.205986115,1.808395935,1.182922355,98,36,0.041353149,0.816814967,0.580678431,9,0.23,0.45,0.89,0.658567244,0.31,0,0.816752368
81,2020-02-11,0.99,0.01,0.0002,0.99,0.01,0.0002,0.916012925,0.041544507,0.037754578,0.740755842,0.266508144,0.102260714,0.854673807,0.253733589,0.344976577,2.135560025,5.816647735,8.18832102,6.214255628,0.189275781,16.31892169,4.882791199,6.911193347,0.295022499,2.839577066,1.638309335,80,36,0.040270424,0.709734896,0.710606495,8,0.27,0.42,0.71,0.617151939,0.29,0,0.756095069
82,2020-02-07,0.99,0.01,0.0002,0.99,0.01,0.0002,0.934483298,0.048136318,0.02508966,0.727243945,0.253901499,0.130743836,0.70847411,0.244632529,0.303337299,2.241296592,4.405481823,9.287521036,6.471704543,0.183923194,17.1238708,4.759500717,6.933574172,0.365583819,2.31822717,1.167447997,90,36,0.039401677,0.863847972,0.737839988,3,0.25,0.6,0.72,0.697676074,0.14,0,0.175783364
83,2020-02-12,0.99,0.01,0.0002,0.99,0.01,0.0002,0.851286911,0.049534068,0.032043436,0.708801256,0.25502101,0.111761565,0.889242375,0.264840045,0.365801368,2.544824432,4.84472559,8.169299678,6.695704171,0.156474349,16.24613916,4.70781741,5.539419812,0.324760712,2.780117074,1.252651424,22,36,0.040663906,0.674062813,0.694997432,5,0.25,0.59,0.88,0.835077628,0.12,0,0.816980169
84,2020-02-07,0.99,0.01,0.0002,0.99,0.01,0.0002,0.917649936,0.04689607,0.030822334,0.766038616,0.248004752,0.103407888,0.726829737,0.237662186,0.354668111,3.623811012,5.780133798,8.955934191,5.791580296,0.237613088,15.62514495,4.41182649,6.474160314,0.333099224,1.583310954,1.754953616,43,36,0.03882801,0.642999533,0.725482772,6,0.19,0.55,0.77,0.685169895,0.16,0,0.312649827
85,2020-02-12,0.99,0.01,0.0002,0.99,0.01,0.0002,0.882009849,0.034636327,0.02233733,0.811116,0.258435746,0.139708703,0.842781425,0.268089185,0.305618846,2.704448843,5.781845131,9.524424517,6.183094257,0.154792606,15.20126012,4.152599346,5.97331331,0.280674793,2.458563033,1.562747435,90,36,0.040859031,0.617657919,0.863474089,8,0.17,0.41,0.77,0.785149205,0.15,0,0.378395004
86,2020-02-12,0.99,0.01,0.0002,0.99,0.01,0.0002,0.850225585,0.030943686,0.03831451,0.78886251,0.26345357,0.127043188,0.739711501,0.241742283,0.304075709,2.448442381,4.340607062,9.782174395,5.24068549,0.236641472,15.15917636,4.985631889,5.418664156,0.215497122,2.6715937,1.282924988,55,36,0.039080095,0.771737036,0.662496123,10,0.33,0.42,0.89,0.836480987,0.44,0,0.264831666
87,2020-02-12,0.99,0.01,0.0002,0.99,0.01,0.0002,0.924740304,0.042813768,0.030414542,0.761866392,0.267243827,0.107096315,0.818644296,0.245053311,0.302410445,2.789995803,5.791775947,9.113214299,6.186714121,0.233392122,15.58174647,3.949555822,5.418049019,0.391268997,2.38287788,1.457535284,46,36,0.041779566,0.702970549,0.733492919,4,0.29,0.43,0.85,0.743482961,0.28,0,0.196520535
88,2020-02-14,0.99,0.01,0.0002,0.99,0.01,0.0002,0.882979083,0.038221812,0.024184287,0.72998214,0.23350648,0.133323425,0.727895353,0.259989966,0.3021252,2.981451897,4.578555256,9.438077072,6.238923675,0.168797439,16.62738537,3.719851621,7.940170699,0.360019688,1.070878208,1.884497236,44,36,0.040719316,0.764268391,0.762643328,9,0.38,0.42,0.72,0.859528103,0.28,0,0.427153926
89,2020-02-14,0.99,0.01,0.0002,0.99,0.01,0.0002,0.864915746,0.041005915,0.020724607,0.80833647,0.239698418,0.100184825,0.85292789,0.260447275,0.352567531,3.587005512,5.607386558,8.935224118,6.275363074,0.194913411,16.7727109,3.571894476,7.136699661,0.372933604,1.931127159,1.860437031,53,36,0.037951325,0.682934702,0.654111347,7,0.38,0.57,0.88,0.880033757,0.4,0,0.376506672
90,2020-02-10,0.99,0.01,0.0002,0.99,0.01,0.0002,0.910087682,0.046400817,0.035991941,0.864328238,0.248645988,0.100787354,0.826581792,0.25537668,0.3637503,3.747822561,4.819638389,8.320784424,5.559370881,0.158376566,14.84838987,4.986875664,7.247505712,0.32578488,2.671659512,1.056188693,88,36,0.040355669,0.896142077,0.727877444,10,0.35,0.45,0.86,0.895073671,0.24,0,0.157698782
91,2020-02-17,0.99,0.01,0.0002,0.99,0.01,0.0002,0.911410258,0.036015417,0.034846623,0.721102695,0.243152428,0.116981925,0.761537794,0.267847686,0.336734471,2.482855475,4.635318233,8.799975372,6.49387325,0.235691835,16.40396202,4.704583037,6.365739196,0.312944755,2.329745326,1.076291334,66,36,0.040136214,0.860273724,0.616391008,10,0.32,0.48,0.88,0.875350736,0.38,0,0.741899107
92,2020-02-10,0.99,0.01,0.0002,0.99,0.01,0.0002,0.868361319,0.04151701,0.034868565,0.850883161,0.267959058,0.143589452,0.776177305,0.26668469,0.358730786,2.570354809,5.955662365,9.765886155,6.548483711,0.199962117,16.09246419,4.11479707,6.374080212,0.32846587,1.187541417,1.068583384,40,36,0.041846958,0.794954998,0.729579709,4,0.18,0.49,0.75,0.768883052,0.25,0,0.590069281
93,2020-02-11,0.99,0.01,0.0002,0.99,0.01,0.0002,0.862268807,0.049364304,0.023117069,0.861359293,0.253775715,0.128351313,0.801805216,0.246975362,0.350015328,3.850339013,5.865608033,9.270162105,5.978278248,0.239058869,15.36786486,3.601569752,5.163026768,0.368923145,1.708276507,1.726619934,49,36,0.040347375,0.688639513,0.564920257,10,0.17,0.54,0.78,0.86171339,0.19,0,0.908580875
94,2020-02-08,0.99,0.01,0.0002,0.99,0.01,0.0002,0.911908335,0.049563677,0.029871666,0.893409421,0.242881284,0.134576725,0.802866286,0.244633141,0.352031755,2.784917354,5.684657193,9.086600757,6.410028085,0.162413187,16.81492555,4.947092416,5.273497968,0.274656574,2.732142734,1.062570916,79,36,0.039329772,0.80544399,0.779220718,4,0.15,0.53,0.74,0.795335625,0.31,0,0.674180857
95,2020-02-10,0.99,0.01,0.0002,0.99,0.01,0.0002,0.864612642,0.045844653,0.02608021,0.824800081,0.230822729,0.100586706,0.870444169,0.258309072,0.333901941,2.449053557,5.449162476,9.002052231,6.275583254,0.232551358,15.74406826,3.5603104,6.83108491,0.241547493,1.028809676,1.873956773,22,36,0.038601459,0.686130071,0.770657613,3,0.32,0.45,0.78,0.837778011,0.45,0,0.277352693
96,2020-02-11,0.99,0.01,0.0002,0.99,0.01,0.0002,0.899300723,0.037515412,0.038503114,0.727214309,0.255954428,0.113666476,0.898284652,0.247615266,0.309947637,3.011767579,4.813496935,9.469902407,5.790961611,0.210378735,15.07172421,4.966215554,7.095225282,0.268544584,2.472652907,1.650271803,98,36,0.039064687,0.881314327,0.558658335,6,0.32,0.56,0.81,0.885969288,0.41,0,0.294312051
97,2020-02-16,0.99,0.01,0.0002,0.99,0.01,0.0002,0.859531481,0.042053097,0.023183547,0.771915181,0.238528143,0.12133776,0.77532,0.259613697,0.366321848,2.103084802,5.240347976,8.28258286,5.205074074,0.176530616,14.66599011,4.018546393,7.086595304,0.305313457,1.975213561,1.590788074,74,36,0.040431697,0.736130706,0.883494871,4,0.11,0.64,0.82,0.805535019,0.43,0,0.325254096
98,2020-02-09,0.99,0.01,0.0002,0.99,0.01,0.0002,0.922253139,0.045236085,0.028185805,0.705091078,0.262148775,0.133591025,0.777395205,0.234222788,0.366419134,3.930187474,5.965204711,9.267236455,5.292801445,0.210439888,14.81986246,4.133235607,7.252025912,0.326683553,2.478014189,1.307932038,100,36,0.039390169,0.810118646,0.831937915,9,0.26,0.42,0.88,0.832459359,0.16,0,0.751265723
99,2020-02-13,0.99,0.01,0.0002,0.99,0.01,0.0002,0.904366493,0.030972448,0.027890151,0.873197947,0.262027219,0.122585961,0.856329174,0.230613912,0.30383043,3.298141454,5.848754386,8.531926218,6.224777075,0.23741773,16.87555764,4.522528213,5.753333454,0.241568724,2.83164771,1.917722786,3,36,0.040811727,0.790692746,0.80752295,9,0.18,0.62,0.76,0.794817634,0.15,0,0.10682366
100,2020-02-13,0.99,0.01,0.0002,0.99,0.01,0.0002,0.923504533,0.034346616,0.02578736,0.869681359,0.242671173,0.118293284,0.710182721,0.23192823,0.324700698,3.243516943,4.524510189,9.886724868,6.024855995,0.19484768,15.03714213,4.09896812,7.777763833,0.272775138,1.333276258,1.354247017,52,36,0.04052521,0.763866268,0.831019314,9,0.35,0.45,0.79,0.859657707,0.4,0,0.338353876
101,2020-02-07,0.99,0.01,0.0002,0.99,0.01,0.0002,0.852251092,0.043098913,0.036847292,0.803743642,0.26003112,0.147594813,0.895343951,0.247558586,0.361643302,3.419585418,5.616253491,9.296558275,6.550249043,0.237435946,16.77348933,4.387910932,7.073245511,0.356958573,1.534597994,1.907650382,31,36,0.038727443,0.787469857,0.855041197,10,0.11,0.54,0.82,0.672378124,0.44,0,0.833124556
102,2020-02-12,0.99,0.01,0.0002,0.99,0.01,0.0002,0.856087707,0.049187494,0.033629771,0.836446931,0.248266653,0.116318336,0.880892404,0.255481481,0.337211503,2.221467123,5.021051549,8.841337314,6.549099656,0.171844617,17.06768523,4.920144529,6.677183006,0.338091024,1.943286082,1.903428695,67,36,0.039683488,0.745358061,0.880004758,4,0.13,0.5,0.71,0.882557969,0.26,0,0.898751885
103,2020-02-06,0.99,0.01,0.0002,0.99,0.01,0.0002,0.879470996,0.037108447,0.03132157,0.892382623,0.259220359,0.138931878,0.734225411,0.26683592,0.333140672,3.46163348,5.881187031,8.958826018,6.091267113,0.2197847,16.18829886,4.329133126,7.631087801,0.392099888,1.121510423,1.90003588,57,36,0.040287945,0.812387364,0.576533492,10,0.17,0.58,0.78,0.76184432,0.31,0,0.132069934
104,2020-02-08,0.99,0.01,0.0002,0.99,0.01,0.0002,0.911665776,0.043455325,0.028763578,0.766030334,0.26731615,0.100487031,0.723799071,0.240736079,0.32755303,3.631092042,5.84789344,8.585318186,6.439278233,0.213857007,17.40591862,4.13548412,5.503315519,0.279355075,1.374891113,1.420363727,32,36,0.038308256,0.899475257,0.54348806,6,0.09,0.55,0.7,0.83894016,0.43,0,0.725663969
105,2020-02-17,0.99,0.01,0.0002,0.99,0.01,0.0002,0.872448571,0.033612346,0.038803199,0.757255032,0.23173957,0.149060634,0.825484544,0.267506327,0.34644495,2.924784345,5.395578734,9.965538681,6.181102182,0.223321337,16.39734551,3.785523233,5.794821983,0.377823061,1.786409215,1.526479562,32,36,0.041200633,0.751995483,0.547037333,10,0.39,0.57,0.89,0.850279034,0.35,0,0.305105833
106,2020-02-15,0.99,0.01,0.0002,0.99,0.01,0.0002,0.871324052,0.040025282,0.037186724,0.786483007,0.254076616,0.125245599,0.720779895,0.240185742,0.324362455,3.74742836,5.525745024,8.860611507,5.128434221,0.19526385,15.36256491,3.969853928,6.665701944,0.202107646,2.622942077,1.15083328,22,36,0.041070048,0.685581652,0.748204534,9,0.17,0.44,0.89,0.791233895,0.36,0,0.897902472
107,2020-02-14,0.99,0.01,0.0002,0.99,0.01,0.0002,0.906166588,0.03377802,0.039422704,0.849935304,0.242500505,0.109138387,0.8403814,0.257331567,0.318604354,2.070243845,5.691303341,8.603176538,6.920578817,0.232992251,16.73657248,3.537891556,7.049036565,0.362432662,1.306561073,1.330353262,71,36,0.03952508,0.624651085,0.792980295,5,0.24,0.65,0.78,0.884883811,0.16,0,0.553172231
108,2020-02-06,0.99,0.01,0.0002,0.99,0.01,0.0002,0.875589211,0.032759462,0.039172708,0.848416632,0.268892646,0.100458026,0.812818626,0.256012325,0.33937453,3.012398679,5.365515093,9.952823785,6.494714343,0.166399355,17.11961005,4.470173163,5.35423866,0.230517493,2.288231691,1.448909093,48,36,0.04030511,0.618291126,0.87512233,4,0.19,0.64,0.81,0.798387615,0.18,0,0.588910266
109,2020-02-12,0.99,0.01,0.0002,0.99,0.01,0.0002,0.934337127,0.041716789,0.02518543,0.759590018,0.243114706,0.131160375,0.792646016,0.234671941,0.320143012,2.480682648,4.862071952,8.035529525,6.471797732,0.196708274,16.54155701,4.353370206,6.76479314,0.216287634,2.639542984,1.987093431,97,36,0.039474331,0.750651466,0.561089994,6,0.36,0.42,0.77,0.863573533,0.31,0,0.684947066
110,2020-02-10,0.99,0.01,0.0002,0.99,0.01,0.0002,0.877016935,0.039075209,0.028068511,0.776532573,0.240290457,0.111664792,0.781003178,0.245319802,0.32137246,2.083713378,5.555629411,9.364548301,6.031125945,0.211576671,15.17881078,3.984747873,6.812394187,0.388071862,1.165874194,1.109064844,32,36,0.040812006,0.811335964,0.813917103,8,0.39,0.65,0.74,0.737549859,0.43,0,0.10695819
111,2020-02-14,0.99,0.01,0.0002,0.99,0.01,0.0002,0.889105113,0.030767909,0.021411809,0.761899226,0.251068454,0.136634293,0.867258271,0.24157395,0.353460097,2.68392611,4.655570319,8.230214189,6.94064779,0.193179171,16.04454263,3.566190238,7.794132981,0.35813919,2.876338759,1.80985047,30,36,0.037588211,0.849132902,0.717975505,10,0.16,0.47,0.73,0.870177619,0.43,0,0.574628502
112,2020-02-08,0.99,0.01,0.0002,0.99,0.01,0.0002,0.907542634,0.043146995,0.031494681,0.766468504,0.232267954,0.136253067,0.706819361,0.2406605,0.329932455,3.308820896,5.3324856,9.259098726,6.726357031,0.223686576,16.64409535,4.135003944,5.345273222,0.220612338,1.046246165,1.230962237,39,36,0.0405957,0.790458754,0.872275611,6,0.2,0.42,0.73,0.87837235,0.5,0,0.622417766
113,2020-02-05,0.99,0.01,0.0002,0.99,0.01,0.0002,0.925681441,0.045940763,0.036925168,0.813871279,0.232682487,0.121836826,0.749068773,0.257858566,0.361125113,2.746088863,4.35294229,9.559283109,5.186831636,0.234146249,15.48399979,4.10036501,7.211536748,0.26827804,2.63642402,1.024771197,52,36,0.0394793,0.871322448,0.824051257,4,0.18,0.41,0.84,0.86372517,0.18,0,0.440061193
114,2020-02-10,0.99,0.01,0.0002,0.99,0.01,0.0002,0.91485097,0.039148195,0.026478025,0.766607754,0.269292345,0.12583889,0.787562697,0.232215123,0.302577764,2.786429716,4.918117305,9.923843284,6.033698872,0.180364811,16.72413767,3.111284155,5.313148433,0.388136276,1.684453403,1.415571194,28,36,0.041832324,0.684031455,0.631350362,10,0.28,0.52,0.86,0.76241251,0.3,0,0.584792952
115,2020-02-13,0.99,0.01,0.0002,0.99,0.01,0.0002,0.937464693,0.047071421,0.023642246,0.835873954,0.260621447,0.13363196,0.80963296,0.23200578,0.333745884,2.418947318,5.872305154,8.709711069,5.292716024,0.165488053,15.60756614,3.464194888,5.160399025,0.200730865,1.480410957,1.422939067,51,36,0.037646738,0.65941504,0.808313928,4,0.33,0.44,0.7,0.878921785,0.24,0,0.839322129
116,2020-02-06,0.99,0.01,0.0002,0.99,0.01,0.0002,0.923377425,0.047802331,0.032950348,0.72431593,0.23969503,0.14838804,0.777187422,0.26599351,0.348929671,3.457233522,4.656013389,8.760220014,6.226086213,0.245906107,17.1498736,4.292640442,5.340766599,0.208945313,2.591095594,1.347896933,98,36,0.041907933,0.767515359,0.60237891,6,0.13,0.42,0.9,0.723587896,0.15,0,0.283070903
117,2020-02-11,0.99,0.01,0.0002,0.99,0.01,0.0002,0.859520497,0.040958781,0.035864539,0.857828186,0.249546818,0.13920062,0.753106918,0.25549234,0.30323064,2.351563695,4.369508771,9.904856843,6.44064424,0.197092162,15.64005832,3.220148065,6.638865162,0.207345355,2.398648759,1.448331975,83,36,0.038569801,0.748450694,0.834593247,3,0.21,0.54,0.87,0.895055337,0.29,0,0.690706411
118,2020-02-12,0.99,0.01,0.0002,0.99,0.01,0.0002,0.850126125,0.035406437,0.036217887,0.782728446,0.257651316,0.128414117,0.899632849,0.233980241,0.326966749,2.215342045,5.408689813,9.436032345,6.460052892,0.222029996,15.97110216,3.213452305,5.333452188,0.358796277,1.131336154,1.314049258,67,36,0.037100881,0.88636661,0.572045139,3,0.34,0.6,0.78,0.865538319,0.49,0,0.494347841
119,2020-02-09,0.99,0.01,0.0002,0.99,0.01,0.0002,0.930253216,0.042837023,0.038001933,0.846585533,0.238242609,0.136807164,0.783687828,0.233443716,0.326810672,3.732160781,4.841007589,9.852201575,6.892690414,0.229457784,17.53527242,4.254254038,5.005843671,0.38618193,2.858494413,1.199517037,27,36,0.041821224,0.744323976,0.761786282,8,0.25,0.64,0.7,0.889735873,0.12,0,0.757673254
120,2020-02-07,0.99,0.01,0.0002,0.99,0.01,0.0002,0.891947515,0.045217099,0.03951537,0.704549349,0.234295159,0.116120979,0.858757951,0.253621101,0.354472256,3.03967624,5.105672611,9.744492047,6.62861525,0.245740007,16.20409938,3.356272685,6.058527061,0.277060027,1.828939188,1.118513902,47,36,0.039947535,0.896147112,0.875237726,10,0.38,0.65,0.81,0.628925165,0.31,0,0.852569614
121,2020-02-10,0.99,0.01,0.0002,0.99,0.01,0.0002,0.859845517,0.047997774,0.035004367,0.800256503,0.234976431,0.148533745,0.843669358,0.249189639,0.347250922,3.585786351,5.668575761,9.523733737,5.097933434,0.168367305,15.32683519,4.758234743,5.91947493,0.394311173,1.747482439,1.990669606,51,36,0.037137133,0.707552612,0.576664708,7,0.29,0.49,0.76,0.887963431,0.42,0,0.797661038
122,2020-02-14,0.99,0.01,0.0002,0.99,0.01,0.0002,0.857347458,0.030280617,0.039872381,0.742199255,0.240363305,0.116334023,0.778182835,0.243954107,0.337123405,2.937665251,4.448082083,8.620376699,6.688535522,0.214015936,17.41391261,4.10441608,6.214151457,0.228649657,1.004681893,1.14581354,37,36,0.039483866,0.835839884,0.6856939,9,0.38,0.6,0.77,0.875242949,0.35,0,0.556471838
123,2020-02-13,0.99,0.01,0.0002,0.99,0.01,0.0002,0.93841489,0.045501726,0.039190651,0.831980587,0.269703788,0.124374991,0.814489777,0.253172766,0.369933407,3.777040346,5.671701584,9.304461814,5.526864243,0.183251089,15.77034642,3.803646823,7.728896635,0.212792539,2.992611472,1.844941055,51,36,0.041211519,0.631998024,0.747635621,10,0.37,0.52,0.79,0.805169364,0.36,0,0.72398764
124,2020-02-11,0.99,0.01,0.0002,0.99,0.01,0.0002,0.890328012,0.033659112,0.030914264,0.790159703,0.253408187,0.140804824,0.892926255,0.258053164,0.305475307,2.281011105,5.915403771,8.624897639,6.72212162,0.172817371,17.2255108,3.256838334,7.664213704,0.274094582,1.38808578,1.724343803,100,36,0.038066012,0.691547537,0.843015495,3,0.28,0.49,0.83,0.896335015,0.18,0,0.92783194
125,2020-02-04,0.99,0.01,0.0002,0.99,0.01,0.0002,0.866677975,0.044982166,0.026755982,0.741941405,0.264617105,0.103717905,0.799142578,0.269545881,0.308271406,3.390805793,5.519105187,9.376850658,6.081134662,0.237972499,15.62811456,3.956208399,5.660730016,0.296489194,1.808241653,1.673718207,5,36,0.041455143,0.673203191,0.527955202,10,0.14,0.52,0.74,0.795724286,0.25,0,0.874279791
126,2020-02-14,0.99,0.01,0.0002,0.99,0.01,0.0002,0.863181947,0.034557499,0.022843867,0.700847939,0.249293271,0.137815281,0.831441009,0.247150728,0.339287398,2.926135412,5.796936962,8.401962389,6.290562076,0.193688711,16.04591303,3.824337412,7.365999148,0.379450428,1.101089862,1.457379373,59,36,0.039562476,0.756219429,0.714245096,7,0.32,0.59,0.71,0.706275918,0.38,0,0.639916424
127,2020-02-05,0.99,0.01,0.0002,0.99,0.01,0.0002,0.937629799,0.043963606,0.035592845,0.748133883,0.235592186,0.139394866,0.805020149,0.262176627,0.346571035,3.880893012,5.663511709,8.255848331,5.214676732,0.163725419,15.68450632,4.803535198,5.742736629,0.229467715,1.794395526,1.69296439,6,36,0.04111628,0.792520334,0.700497245,6,0.32,0.64,0.77,0.85707662,0.27,0,0.872269739
128,2020-02-13,0.99,0.01,0.0002,0.99,0.01,0.0002,0.88885773,0.046326427,0.035467393,0.84987296,0.242413657,0.141333311,0.700206948,0.234295359,0.336012044,2.656168043,4.847455121,9.758709224,6.177163399,0.219151193,17.16924194,4.55144495,6.030234574,0.249181685,2.612857277,1.166693645,87,36,0.040388461,0.646105652,0.699998993,7,0.38,0.47,0.8,0.751361741,0.38,0,0.553857749
129,2020-02-07,0.99,0.01,0.0002,0.99,0.01,0.0002,0.933202764,0.035391467,0.03936716,0.855846016,0.264866471,0.128282969,0.822317933,0.242712912,0.321722097,3.475253556,4.95478874,9.885117903,6.750706425,0.23938742,16.51161615,4.727253416,6.323260494,0.315426673,2.458430748,1.277972687,29,36,0.038174935,0.866668837,0.739657991,5,0.12,0.62,0.85,0.877808907,0.13,0,0.133089243
130,2020-02-08,0.99,0.01,0.0002,0.99,0.01,0.0002,0.931675959,0.044983062,0.029591742,0.850504282,0.231537369,0.14509869,0.803322791,0.259222152,0.346200325,3.63677373,5.791428193,8.390643591,5.595823055,0.162819586,15.69050597,3.691138148,6.537509988,0.371608843,2.137692096,1.565659632,98,36,0.041127764,0.703833803,0.575524801,5,0.15,0.61,0.75,0.792412356,0.15,0,0.605934716
131,2020-02-08,0.99,0.01,0.0002,0.99,0.01,0.0002,0.90804169,0.042138705,0.021040054,0.719673896,0.260881158,0.143886255,0.784667856,0.235720974,0.343361896,3.513594851,5.22148959,9.830649283,6.682323212,0.171575793,17.22161002,4.718297727,5.968504502,0.318209493,2.970686578,1.42494811,76,36,0.039003297,0.622535697,0.630102111,9,0.3,0.49,0.89,0.787866386,0.35,0,0.882244764
132,2020-02-11,0.99,0.01,0.0002,0.99,0.01,0.0002,0.853578541,0.037162129,0.026748121,0.857155678,0.239546328,0.132218285,0.70504221,0.255558357,0.369965833,2.878408867,5.035650766,8.368622792,5.13409765,0.231622735,15.06583667,3.487063278,5.28352925,0.21259703,2.864878925,1.417984068,100,36,0.041416355,0.785491114,0.713229607,4,0.17,0.49,0.87,0.835335627,0.41,0,0.974466855
133,2020-02-08,0.99,0.01,0.0002,0.99,0.01,0.0002,0.936961821,0.042623048,0.033315927,0.71685383,0.266810912,0.122760772,0.747131617,0.254686518,0.348570648,2.989893314,4.944366784,8.673209505,5.249639509,0.220236163,14.40889569,4.638953893,6.416995601,0.263435724,1.72595155,1.388119925,18,36,0.037581817,0.887178608,0.57286082,9,0.39,0.63,0.81,0.794126397,0.11,0,0.850862454
134,2020-02-13,0.99,0.01,0.0002,0.99,0.01,0.0002,0.86236942,0.036842478,0.023096151,0.750670269,0.258104675,0.149054688,0.818605667,0.237637757,0.336530462,2.019701039,5.760576911,9.621595854,5.401735736,0.217794124,15.62904303,4.418334363,7.16048381,0.356812104,1.511941605,1.596577379,10,36,0.038118387,0.792932715,0.737127268,8,0.37,0.41,0.73,0.707225117,0.42,0,0.648035265
135,2020-02-06,0.99,0.01,0.0002,0.99,0.01,0.0002,0.920949501,0.042350836,0.033365908,0.738432618,0.24142643,0.113079417,0.773038447,0.24418333,0.342638185,3.479480889,5.216308589,8.926859314,6.269402294,0.182814148,15.82827729,4.428407875,5.688214356,0.348856414,2.660502468,1.435138684,60,36,0.038249534,0.611954552,0.888877282,10,0.36,0.47,0.74,0.896807773,0.21,0,0.575127923
136,2020-02-12,0.99,0.01,0.0002,0.99,0.01,0.0002,0.854194726,0.044931731,0.023756374,0.784880483,0.237501823,0.112720798,0.740478796,0.267067035,0.322194589,2.038607691,5.610366806,9.332021421,6.886951238,0.212895464,15.90000679,3.14827117,7.283441229,0.223338306,2.114830036,1.035177554,35,36,0.038548754,0.809403913,0.832078471,8,0.18,0.44,0.85,0.657855123,0.49,0,0.195984638
137,2020-02-11,0.99,0.01,0.0002,0.99,0.01,0.0002,0.923725866,0.040691147,0.026068058,0.723817718,0.242338159,0.115633247,0.842762191,0.245348403,0.340048744,2.533737136,5.7774262,8.640347721,6.534962958,0.20217052,17.09110984,3.655956296,6.556511669,0.342635374,1.188921483,1.278943903,27,36,0.037850622,0.687874132,0.506257669,7,0.14,0.55,0.76,0.827492244,0.37,0,0.101453571
138,2020-02-08,0.99,0.01,0.0002,0.99,0.01,0.0002,0.925709415,0.037179878,0.037791737,0.800924905,0.238642104,0.114103003,0.806732379,0.242665683,0.331704988,2.582703329,5.62792659,9.107085245,6.600017762,0.209158831,15.9126235,3.224350838,7.384082127,0.29623864,2.008783562,1.732118702,51,36,0.041791556,0.747200784,0.78725629,8,0.14,0.62,0.73,0.631923759,0.27,0,0.339032475
139,2020-02-11,0.99,0.01,0.0002,0.99,0.01,0.0002,0.94351339,0.035484893,0.033320506,0.716908489,0.269838392,0.122956951,0.838652837,0.236102199,0.302932406,3.601148939,4.872937791,8.57946494,6.75944174,0.167535031,16.8549783,3.66275289,5.067972552,0.220165141,2.39487647,1.616306707,80,36,0.041988225,0.818590202,0.511900031,9,0.17,0.4,0.77,0.765791923,0.44,0,0.959170084
140,2020-02-16,0.99,0.01,0.0002,0.99,0.01,0.0002,0.90131432,0.031218431,0.022670144,0.801562778,0.269395301,0.121659801,0.893204213,0.247761192,0.310960984,2.651440408,5.756225106,8.007078717,6.054136169,0.242885181,16.03312284,4.267438502,7.756129359,0.346531755,2.189298506,1.543312022,29,36,0.041758928,0.717355555,0.516955615,10,0.34,0.62,0.85,0.853821555,0.48,0,0.102241351
141,2020-02-03,0.99,0.01,0.0002,0.99,0.01,0.0002,0.863211422,0.035830622,0.026725069,0.742721217,0.240234922,0.134972339,0.762970841,0.268609624,0.316186024,2.708336363,5.92994273,8.771319041,5.058607493,0.216770522,14.09068714,3.492524331,7.391851928,0.323013876,2.383558604,1.156681841,4,36,0.038704847,0.653714385,0.83890987,4,0.34,0.63,0.77,0.884605513,0.18,0,0.342159686
142,2020-02-09,0.99,0.01,0.0002,0.99,0.01,0.0002,0.879298141,0.04960602,0.021633469,0.80271553,0.257564244,0.101609505,0.745341099,0.24964601,0.352673017,2.481830036,5.499126113,9.11053957,6.476663875,0.221222948,16.45548968,3.759193703,6.421195826,0.247395266,2.348602404,1.739151607,68,36,0.038783089,0.669638032,0.693272,4,0.37,0.56,0.74,0.840084328,0.45,0,0.497845229
143,2020-02-05,0.99,0.01,0.0002,0.99,0.01,0.0002,0.864972466,0.04410204,0.023423217,0.832994093,0.248388171,0.103869404,0.84705945,0.264332381,0.310980949,3.435782371,5.65460621,9.917203329,6.027167259,0.22168081,15.80061311,4.356742572,7.623039571,0.368433094,1.536074042,1.314203085,42,36,0.041443746,0.676831667,0.824570818,3,0.3,0.55,0.81,0.860101521,0.33,0,0.853457759
144,2020-02-07,0.99,0.01,0.0002,0.99,0.01,0.0002,0.922276116,0.045724829,0.03433123,0.889636975,0.249982915,0.122128219,0.802672964,0.240924912,0.344477354,2.034396541,5.967447618,9.392841511,6.746966417,0.211167626,17.34285016,3.972246313,6.460642152,0.248603296,1.255618288,1.134205633,18,36,0.038455352,0.67233183,0.697924576,1,0.34,0.57,0.83,0.863173955,0.27,0,0.104805023
145,2020-02-06,0.99,0.01,0.0002,0.99,0.01,0.0002,0.856554041,0.03677727,0.038093994,0.857249839,0.267365394,0.125424238,0.755209321,0.265969967,0.344284574,2.867605252,4.853662873,8.374414378,5.58728389,0.212566175,14.64979679,4.38568533,6.467712849,0.237600386,2.174520078,1.015766506,87,36,0.040806039,0.779888441,0.879801671,5,0.15,0.59,0.9,0.711605768,0.11,0,0.355783131
146,2020-02-08,0.99,0.01,0.0002,0.99,0.01,0.0002,0.888164243,0.047580772,0.036425735,0.844751977,0.245463786,0.149849033,0.895470102,0.239569918,0.343386956,3.339849471,5.743684538,8.050404204,6.959398685,0.177785346,17.48423837,3.014655142,7.221974755,0.265044432,2.895903361,1.261254141,63,36,0.039442418,0.608745018,0.708627602,10,0.18,0.62,0.87,0.820292465,0.23,0,0.516549661
147,2020-02-09,0.99,0.01,0.0002,0.99,0.01,0.0002,0.868546401,0.036371545,0.021253191,0.75608447,0.25158395,0.107613,0.848432849,0.264485085,0.341125279,2.349475302,4.4549422,9.315686729,6.270432274,0.238172936,16.98931284,3.367030079,5.2426151,0.307537649,1.038492856,1.253743817,59,36,0.040757815,0.826357044,0.539138167,5,0.26,0.58,0.89,0.831536396,0.44,0,0.217159073
148,2020-02-08,0.99,0.01,0.0002,0.99,0.01,0.0002,0.921850208,0.047283293,0.023483763,0.727297696,0.25673307,0.147321091,0.869133048,0.230936949,0.31381089,3.584655322,5.826542325,8.132447595,5.134179438,0.218956501,15.35322811,4.829088249,6.354166267,0.321523911,1.473621878,1.173843883,61,36,0.041521805,0.735050148,0.605602914,8,0.33,0.44,0.88,0.713067756,0.22,0,0.732912935
149,2020-02-08,0.99,0.01,0.0002,0.99,0.01,0.0002,0.863247497,0.048435231,0.025101898,0.792671795,0.238070704,0.116588541,0.762570742,0.24504715,0.305809683,3.003180154,5.19649466,8.038909706,6.20625189,0.236368604,16.19373087,4.064544996,7.011393365,0.201753734,2.641238998,1.243717907,96,36,0.041057952,0.600213922,0.779900564,10,0.29,0.64,0.81,0.793148617,0.46,0,0.223397879
150,2020-02-08,0.99,0.01,0.0002,0.99,0.01,0.0002,0.944925422,0.031296479,0.030144266,0.811633563,0.257211603,0.109034254,0.777437506,0.251936304,0.332092687,3.03652987,4.699402907,8.951679397,5.734756678,0.21374379,16.0151245,4.204328468,7.515368171,0.209318042,2.54011567,1.734490531,26,36,0.037951674,0.88746432,0.536924932,6,0.24,0.55,0.87,0.888697915,0.37,0,0.653205193
151,2020-02-13,0.99,0.01,0.0002,0.99,0.01,0.0002,0.855825477,0.038109905,0.027855625,0.856448042,0.269981377,0.140104999,0.709588257,0.249460364,0.339681437,2.399912548,4.349945034,8.01574427,6.855139324,0.155388091,16.34522393,4.544376121,5.497641742,0.370549217,1.383007179,1.860785372,19,36,0.041929,0.64859882,0.895800793,6,0.34,0.44,0.88,0.852904261,0.42,0,0.385945074
152,2020-02-05,0.99,0.01,0.0002,0.99,0.01,0.0002,0.927443288,0.049607173,0.024750982,0.705849481,0.230043774,0.116393346,0.870144439,0.238448227,0.307747376,3.299046088,5.889296641,8.116886753,6.258812389,0.160564101,16.77962721,4.827636155,7.888896527,0.293009363,2.004269837,1.712369381,12,36,0.041926613,0.730870644,0.62865311,8,0.17,0.61,0.75,0.757919212,0.27,0,0.345157297
153,2020-02-07,0.99,0.01,0.0002,0.99,0.01,0.0002,0.9403613,0.034640509,0.039556717,0.819670008,0.253992047,0.113840752,0.703093922,0.239187795,0.302285738,3.291172111,5.145201025,8.101484724,6.491224439,0.217082415,15.81630606,4.049284889,7.21106294,0.289675404,1.593511902,1.789749252,40,36,0.037246578,0.776654073,0.722989446,8,0.28,0.42,0.84,0.772941544,0.41,0,0.530969847
154,2020-02-11,0.99,0.01,0.0002,0.99,0.01,0.0002,0.871095255,0.038893344,0.038533628,0.794726389,0.242830765,0.126703539,0.715261838,0.252196305,0.309436852,2.215471157,5.213988143,8.596743109,5.874493265,0.159048929,16.75105944,4.161342689,5.702562835,0.291116577,1.690838916,1.980184062,14,36,0.038423733,0.782410378,0.898765528,3,0.3,0.64,0.8,0.733319408,0.4,0,0.6989283
155,2020-02-08,0.99,0.01,0.0002,0.99,0.01,0.0002,0.861011189,0.035958589,0.034511004,0.766397553,0.266405401,0.11385333,0.800422836,0.236563983,0.366094046,2.439213768,4.649040863,9.980098731,6.381450702,0.171148084,17.07013791,3.066750057,7.407492178,0.27078381,2.503181765,1.021588601,98,36,0.038995914,0.790621109,0.715306284,5,0.36,0.45,0.73,0.892605649,0.16,0,0.802105006
156,2020-02-14,0.99,0.01,0.0002,0.99,0.01,0.0002,0.941611761,0.046834372,0.023274005,0.812627243,0.255791239,0.146617275,0.823569075,0.249741374,0.351615753,2.968899115,5.7051426,8.290407258,6.815025215,0.225638611,17.29124996,3.781440498,7.837450838,0.399764995,1.415610498,1.594195787,17,36,0.037077258,0.880999664,0.772908007,8,0.11,0.42,0.85,0.85634957,0.43,0,0.229976857
157,2020-02-11,0.99,0.01,0.0002,0.99,0.01,0.0002,0.905271227,0.034644822,0.035415528,0.782806004,0.233887177,0.121814499,0.792695454,0.252815922,0.332612143,2.844752341,4.067919375,8.123461743,6.832360807,0.194078444,17.82716889,4.265289863,7.606056546,0.303260559,1.83086023,1.467467879,4,36,0.041395037,0.892834051,0.70999292,5,0.33,0.62,0.82,0.894189884,0.11,0,0.653862337
158,2020-02-11,0.99,0.01,0.0002,0.99,0.01,0.0002,0.859943796,0.03761822,0.032385306,0.856287772,0.258409882,0.102522268,0.735715559,0.268486695,0.368255907,3.171728345,4.749418023,9.009528232,5.345477163,0.234621705,14.64983774,3.33750162,7.982455503,0.391036345,1.894728024,1.766824325,84,36,0.039817718,0.66666032,0.860783165,10,0.1,0.4,0.82,0.89626996,0.34,0,0.89678562
159,2020-02-14,0.99,0.01,0.0002,0.99,0.01,0.0002,0.87322592,0.036150239,0.027651033,0.731071745,0.260804745,0.14647147,0.888864277,0.237438363,0.307275798,2.897900632,5.134004748,9.105822105,6.957555688,0.24570554,17.28984248,3.982930894,6.01263475,0.265330345,1.851729784,1.80270124,86,36,0.038588613,0.744794752,0.797254486,4,0.15,0.65,0.78,0.876965693,0.44,0,0.663201045
160,2020-02-07,0.99,0.01,0.0002,0.99,0.01,0.0002,0.854209259,0.038748757,0.034888302,0.75398961,0.244902487,0.146359081,0.891105296,0.240452822,0.307494307,2.239591112,5.844225326,8.293376082,6.235463896,0.158776118,15.37402575,3.217787645,5.711487369,0.35528738,2.676940563,1.585314857,5,36,0.038928668,0.679757565,0.800067911,4,0.26,0.65,0.89,0.691460193,0.5,0,0.399569509
161,2020-02-06,0.99,0.01,0.0002,0.99,0.01,0.0002,0.942651792,0.045465912,0.038282987,0.805120697,0.267591584,0.144967981,0.836332399,0.231066913,0.333287597,3.568737304,5.494859004,8.712542366,6.829665347,0.195627691,16.3598657,4.815407548,5.880952977,0.380045796,2.637143932,1.998877385,61,36,0.037274022,0.868733661,0.817984607,6,0.25,0.46,0.79,0.885411326,0.36,0,0.709493679
162,2020-02-07,0.99,0.01,0.0002,0.99,0.01,0.0002,0.899719243,0.047423517,0.038891944,0.775341343,0.265153515,0.102530355,0.815043011,0.26651916,0.348427292,2.746363225,4.630186139,8.818776257,5.443475445,0.238355066,15.41368413,3.922615302,5.834881175,0.249867886,2.432798782,1.978696011,70,36,0.041381186,0.896016255,0.725203721,5,0.22,0.42,0.72,0.662763826,0.2,0,0.745252253
163,2020-02-09,0.99,0.01,0.0002,0.99,0.01,0.0002,0.888094758,0.032397036,0.025407754,0.723981105,0.253534354,0.140346768,0.858055803,0.245188844,0.363960976,2.534212246,5.321933062,9.003351146,5.26559807,0.247308499,16.19871496,3.54493671,6.088346874,0.235610773,1.723729444,1.720041262,40,36,0.039680595,0.750682137,0.802056794,8,0.11,0.53,0.88,0.718494798,0.34,0,0.244159634
164,2020-02-09,0.99,0.01,0.0002,0.99,0.01,0.0002,0.916740305,0.039669621,0.036481682,0.85531569,0.264241172,0.117150174,0.742164295,0.2636767,0.31475482,2.836558765,5.629433237,9.791952566,5.038662453,0.155681512,14.66317883,3.870656306,6.949480367,0.282768364,1.069515162,1.22511544,23,36,0.039506908,0.801636914,0.632660625,3,0.27,0.6,0.82,0.810550491,0.44,0,0.141431868
165,2020-02-08,0.99,0.01,0.0002,0.99,0.01,0.0002,0.944156246,0.045490511,0.023784154,0.707831136,0.240512557,0.102628741,0.777200298,0.251597872,0.317184001,3.228756761,5.801747745,9.710244124,6.954774591,0.208072099,16.28073313,4.544978827,7.591258671,0.30817769,1.983014496,1.839986719,74,36,0.039922198,0.84400291,0.695240234,5,0.11,0.51,0.77,0.660911998,0.23,0,0.432715117
166,2020-02-09,0.99,0.01,0.0002,0.99,0.01,0.0002,0.8661849,0.032452393,0.027241697,0.80059013,0.231956035,0.137833647,0.885267003,0.26512084,0.356204267,3.922182276,5.915101885,8.280945873,6.141405086,0.19708552,15.75949394,4.057240951,7.956796389,0.256249725,2.171608199,1.055144842,79,36,0.041124477,0.845383926,0.725935374,9,0.27,0.61,0.81,0.782227326,0.38,0,0.278336633
167,2020-02-12,0.99,0.01,0.0002,0.99,0.01,0.0002,0.871361984,0.037587161,0.023487425,0.820969002,0.232555506,0.133908588,0.882975738,0.243930685,0.348883171,2.138730962,5.58880861,8.776580111,6.486410385,0.196991596,16.07410214,3.479103829,6.214613641,0.237053524,1.246100759,1.917475227,28,36,0.040305593,0.722336091,0.834322161,3,0.24,0.55,0.81,0.815769389,0.3,0,0.763287567
168,2020-02-08,0.99,0.01,0.0002,0.99,0.01,0.0002,0.89708327,0.042856364,0.035723913,0.869027011,0.230252571,0.136935436,0.739123983,0.253226698,0.308118925,3.076794623,4.47507112,9.688504398,5.309299772,0.229244111,14.79904423,4.97198606,7.227595152,0.267352122,2.144313818,1.296275299,16,36,0.040961067,0.85347517,0.730500399,10,0.21,0.47,0.87,0.756085128,0.1,0,0.778748876
169,2020-02-09,0.99,0.01,0.0002,0.99,0.01,0.0002,0.865231471,0.047666384,0.035546706,0.775460512,0.268440619,0.136440857,0.737144376,0.269566693,0.363267241,3.492121258,4.659755941,8.680419541,5.014930942,0.242722466,14.8809473,4.307586131,5.439430393,0.325288539,2.781955227,1.722784737,63,36,0.040606394,0.75094606,0.736901111,5,0.23,0.44,0.72,0.81097846,0.16,0,0.375714825
170,2020-02-04,0.99,0.01,0.0002,0.99,0.01,0.0002,0.860914131,0.045599528,0.034833909,0.854375468,0.26606005,0.121532926,0.760360735,0.240780845,0.302271411,3.539751922,4.764459679,9.201153142,6.951422319,0.243458776,17.28737059,4.436577889,7.833410649,0.204534164,2.281351594,1.936595282,60,36,0.040502436,0.878523649,0.529626644,5,0.24,0.55,0.72,0.889825856,0.27,0,0.254035276
171,2020-02-14,0.99,0.01,0.0002,0.99,0.01,0.0002,0.888471585,0.036930216,0.029647285,0.743036441,0.254567273,0.114839082,0.798905856,0.230911782,0.320182714,2.196038525,4.039449785,8.676754232,6.932269257,0.195923098,16.83520342,3.758957808,5.823565944,0.243806239,1.858633523,1.807655315,65,36,0.040609317,0.839567353,0.501163723,8,0.38,0.59,0.83,0.824665135,0.21,0,0.572355125
172,2020-02-08,0.99,0.01,0.0002,0.99,0.01,0.0002,0.937298702,0.031709399,0.035436663,0.779301825,0.242856262,0.1200668,0.850689817,0.253516966,0.34847057,3.452541488,5.276813025,9.570616973,6.26054326,0.156602872,15.40365154,3.104287347,7.028951381,0.293418506,2.507625496,1.210919172,57,36,0.03869283,0.702194552,0.705482318,10,0.36,0.46,0.76,0.811514717,0.2,0,0.71042652
173,2020-02-06,0.99,0.01,0.0002,0.99,0.01,0.0002,0.931567363,0.032433315,0.025296825,0.843340731,0.238905031,0.100092314,0.821531677,0.25375821,0.300412076,3.796174883,5.62725499,9.905624252,6.20319854,0.156182358,17.05691199,4.759433439,5.183739784,0.203233291,1.604562982,1.683237042,17,36,0.037024874,0.805026556,0.883561242,10,0.27,0.47,0.79,0.89659051,0.3,0,0.260209683
174,2020-02-16,0.99,0.01,0.0002,0.99,0.01,0.0002,0.893585393,0.042603699,0.034337123,0.718115153,0.264389158,0.128106563,0.713673943,0.251291767,0.334241767,3.872944313,5.539929967,9.588138021,6.219159847,0.159286473,15.48339378,4.29578193,7.731984406,0.31266593,2.044317123,1.755286491,91,36,0.039371948,0.822364101,0.557250004,7,0.27,0.54,0.74,0.88610215,0.46,0,0.930118166
175,2020-02-07,0.99,0.01,0.0002,0.99,0.01,0.0002,0.940647102,0.041412673,0.036169707,0.857262334,0.261538592,0.1290512,0.816613674,0.239153796,0.364806147,3.779818441,4.300066752,8.525315239,5.910707721,0.168451197,16.20333967,4.815578725,6.898135942,0.207342527,2.63211752,1.726959296,19,36,0.040775511,0.712425152,0.621176648,9,0.14,0.52,0.73,0.885843085,0.39,0,0.624856908
176,2020-02-13,0.99,0.01,0.0002,0.99,0.01,0.0002,0.921082547,0.03073906,0.025138866,0.837509737,0.261149036,0.108569134,0.895912182,0.233815247,0.327666823,3.610269341,5.94674204,8.70665119,6.42258275,0.234305144,15.49272293,3.741223822,6.081648746,0.279139058,1.899956789,1.543527437,55,36,0.039657069,0.885326067,0.69298747,7,0.09,0.64,0.79,0.861361556,0.35,0,0.6932933
177,2020-02-07,0.99,0.01,0.0002,0.99,0.01,0.0002,0.911590951,0.04794364,0.039655512,0.756520955,0.244596371,0.122743149,0.708785345,0.265618806,0.359112316,2.832741509,5.367770574,8.799383493,5.357678449,0.160312429,14.88594109,4.792461851,5.971452983,0.316012383,1.22958851,1.04113543,79,36,0.041769854,0.888398863,0.794962821,3,0.15,0.6,0.84,0.707652035,0.27,0,0.133953688
178,2020-02-08,0.99,0.01,0.0002,0.99,0.01,0.0002,0.856745167,0.032404843,0.028488922,0.859062278,0.262604034,0.130270779,0.868174646,0.261535281,0.343153036,2.042536836,5.547150258,9.772548049,6.353214748,0.189653781,16.63821465,3.23872209,6.754051713,0.325058821,1.162599948,1.580913861,54,36,0.039573701,0.712911254,0.575118191,1,0.29,0.5,0.77,0.827173298,0.24,0,0.51884903
179,2020-02-11,0.99,0.01,0.0002,0.99,0.01,0.0002,0.864810413,0.033813915,0.031171941,0.867161047,0.24729235,0.108756187,0.773340992,0.255870502,0.332182895,2.492662125,4.753227506,8.294876966,6.795704854,0.201801296,17.63161717,3.267597079,6.207834797,0.327933305,2.390282482,1.92164486,100,36,0.040355255,0.899192962,0.626784042,8,0.14,0.61,0.76,0.778788945,0.47,0,0.769849366
180,2020-02-08,0.99,0.01,0.0002,0.99,0.01,0.0002,0.931855075,0.034597186,0.023348921,0.718264785,0.252849896,0.113271877,0.714713431,0.263905008,0.31559389,2.277647557,5.557526223,8.642793192,6.92648214,0.21033539,16.03059626,3.936503935,5.50512672,0.393552785,1.993745132,1.850126139,42,36,0.039061904,0.819196707,0.688070541,3,0.38,0.58,0.71,0.667396752,0.32,0,0.818762968
181,2020-02-08,0.99,0.01,0.0002,0.99,0.01,0.0002,0.904888446,0.030682721,0.03696267,0.878005824,0.239113744,0.128478466,0.714124393,0.2584157,0.319485402,2.331338168,5.535250171,9.931087625,5.741618099,0.157890193,15.8851241,3.960398374,7.20515961,0.233862636,2.68155126,1.332378906,11,36,0.037712829,0.839832111,0.540900307,10,0.32,0.49,0.72,0.653699022,0.19,0,0.981345301
182,2020-02-11,0.99,0.01,0.0002,0.99,0.01,0.0002,0.948049477,0.045585415,0.032324324,0.831921391,0.250217456,0.106968751,0.823236474,0.261243799,0.352878566,2.702243004,5.485229392,8.352580488,5.223159982,0.194274613,15.56232803,4.917177183,5.494848963,0.38588582,1.593167859,1.19240324,34,36,0.038918922,0.742345285,0.643991848,10,0.26,0.46,0.7,0.826229472,0.41,0,0.901842248
,,,,,,,,,,,,,,,,,,,,,,,,,,,,,,,,,,,,,,,,
,,,,,,,,,,,,,,,,,,,,,,,,,,,,,,,,,,,,,,,,
,,,,,,,,,,,,,,,,,,,,,,,,,,,,,,,,,,,,,,,,
,,,,,,,,,,,,,,,,,,,,,,,,,,,,,,,,,,,,,,,,
,,,,,,,,,,,,,,,,,,,,,,,,,,,,,,,,,,,,,,,,
,,,,,,,,,,,,,,,,,,,,,,,,,,,,,,,,,,,,,,,,
,,,,,,,,,,,,,,,,,,,,,,,,,,,,,,,,,,,,,,,,
,,,,,,,,,,,,,,,,,,,,,,,,,,,,,,,,,,,,,,,,
,,,,,,,,,,,,,,,,,,,,,,,,,,,,,,,,,,,,,,,,
,,,,,,,,,,,,,,,,,,,,,,,,,,,,,,,,,,,,,,,,
,,,,,,,,,,,,,,,,,,,,,,,,,,,,,,,,,,,,,,,,
,,,,,,,,,,,,,,,,,,,,,,,,,,,,,,,,,,,,,,,,
,,,,,,,,,,,,,,,,,,,,,,,,,,,,,,,,,,,,,,,,
,,,,,,,,,,,,,,,,,,,,,,,,,,,,,,,,,,,,,,,,
,,,,,,,,,,,,,,,,,,,,,,,,,,,,,,,,,,,,,,,,
,,,,,,,,,,,,,,,,,,,,,,,,,,,,,,,,,,,,,,,,
,,,,,,,,,,,,,,,,,,,,,,,,,,,,,,,,,,,,,,,,
,,,,,,,,,,,,,,,,,,,,,,,,,,,,,,,,,,,,,,,,
,,,,,,,,,,,,,,,,,,,,,,,,,,,,,,,,,,,,,,,,
,,,,,,,,,,,,,,,,,,,,,,,,,,,,,,,,,,,,,,,,
,,,,,,,,,,,,,,,,,,,,,,,,,,,,,,,,,,,,,,,,
,,,,,,,,,,,,,,,,,,,,,,,,,,,,,,,,,,,,,,,,
,,,,,,,,,,,,,,,,,,,,,,,,,,,,,,,,,,,,,,,,
,,,,,,,,,,,,,,,,,,,,,,,,,,,,,,,,,,,,,,,,
,,,,,,,,,,,,,,,,,,,,,,,,,,,,,,,,,,,,,,,,
,,,,,,,,,,,,,,,,,,,,,,,,,,,,,,,,,,,,,,,,
,,,,,,,,,,,,,,,,,,,,,,,,,,,,,,,,,,,,,,,,
,,,,,,,,,,,,,,,,,,,,,,,,,,,,,,,,,,,,,,,,
,,,,,,,,,,,,,,,,,,,,,,,,,,,,,,,,,,,,,,,,
,,,,,,,,,,,,,,,,,,,,,,,,,,,,,,,,,,,,,,,,
,,,,,,,,,,,,,,,,,,,,,,,,,,,,,,,,,,,,,,,,
,,,,,,,,,,,,,,,,,,,,,,,,,,,,,,,,,,,,,,,,
,,,,,,,,,,,,,,,,,,,,,,,,,,,,,,,,,,,,,,,,
,,,,,,,,,,,,,,,,,,,,,,,,,,,,,,,,,,,,,,,,
,,,,,,,,,,,,,,,,,,,,,,,,,,,,,,,,,,,,,,,,
,,,,,,,,,,,,,,,,,,,,,,,,,,,,,,,,,,,,,,,,
,,,,,,,,,,,,,,,,,,,,,,,,,,,,,,,,,,,,,,,,
,,,,,,,,,,,,,,,,,,,,,,,,,,,,,,,,,,,,,,,,
,,,,,,,,,,,,,,,,,,,,,,,,,,,,,,,,,,,,,,,,
,,,,,,,,,,,,,,,,,,,,,,,,,,,,,,,,,,,,,,,,
,,,,,,,,,,,,,,,,,,,,,,,,,,,,,,,,,,,,,,,,
,,,,,,,,,,,,,,,,,,,,,,,,,,,,,,,,,,,,,,,,
,,,,,,,,,,,,,,,,,,,,,,,,,,,,,,,,,,,,,,,,
,,,,,,,,,,,,,,,,,,,,,,,,,,,,,,,,,,,,,,,,
,,,,,,,,,,,,,,,,,,,,,,,,,,,,,,,,,,,,,,,,
,,,,,,,,,,,,,,,,,,,,,,,,,,,,,,,,,,,,,,,,
,,,,,,,,,,,,,,,,,,,,,,,,,,,,,,,,,,,,,,,,
,,,,,,,,,,,,,,,,,,,,,,,,,,,,,,,,,,,,,,,,
,,,,,,,,,,,,,,,,,,,,,,,,,,,,,,,,,,,,,,,,
,,,,,,,,,,,,,,,,,,,,,,,,,,,,,,,,,,,,,,,,
,,,,,,,,,,,,,,,,,,,,,,,,,,,,,,,,,,,,,,,,
,,,,,,,,,,,,,,,,,,,,,,,,,,,,,,,,,,,,,,,,
,,,,,,,,,,,,,,,,,,,,,,,,,,,,,,,,,,,,,,,,
,,,,,,,,,,,,,,,,,,,,,,,,,,,,,,,,,,,,,,,,
,,,,,,,,,,,,,,,,,,,,,,,,,,,,,,,,,,,,,,,,
,,,,,,,,,,,,,,,,,,,,,,,,,,,,,,,,,,,,,,,,
,,,,,,,,,,,,,,,,,,,,,,,,,,,,,,,,,,,,,,,,
,,,,,,,,,,,,,,,,,,,,,,,,,,,,,,,,,,,,,,,,
