key,startdate,AG04AsymptomaticRate,AG04HospRate,AG04MortalityRate,AG517AsymptomaticRate,AG517HospRate,AG517MortalityRate,AG1849AsymptomaticRate,AG1849HospRate,AG1849MortalityRate,AG5064AsymptomaticRate,AG5064HospRate,AG5064MortalityRate,AG65AsymptomaticRate,AG65HospRate,AG65MortalityRate,IncubationTime,mildContagiousTime,symptomaticTime,hospitalSymptomaticTime,ICURate,ICUtime,PostICUTime,preHospTime,EDVisit,preContagiousTime,postContagiousTime,NumInfStart,householdcontactRate,ProbabilityOfTransmissionPerContact,symptomaticContactRateReduction,hospitalSymptomaticContactRateReduction,ImportationRate,InterventionRate,InterventionRateLow,InterventionMobilityEffect,AsymptomaticReducationTrans,InterventionPerIncrease,locked,InterventionEndPerIncrease
28,2/1/2020,0.99,0.01,0.0002,0.99,0.01,0.0002,0.881640375,0.096034621,0.081744352,0.711124711,0.265779968,0.230467919,0.840761277,0.580483262,0.471636677,3.129189742,4.945149668,8.370250003,5.762625809,0.404374681,16.36677004,3.154140983,7.158163608,0.316049849,1.9947295,1.213879574,56,36,0.03898787,0.632259745,0.63802104,8,0.13728797,0.485735503,0.75,0.639097815,0.47,0,0.6
198,2/1/2020,0.99,0.01,0.0002,0.99,0.01,0.0002,0.895562568,0.095254636,0.097598156,0.713657214,0.250696073,0.180335115,0.888796744,0.551623873,0.477696466,2.55027929,4.276823266,8.497633177,5.003680792,0.438461323,14.19110541,4.214831426,5.058572302,0.368757277,1.44613181,1.617442005,42,36,0.039472775,0.698458705,0.773587243,6,0.171503007,0.532277884,0.75,0.660889247,0.11,0,0.4
759,2/1/2020,0.99,0.01,0.0002,0.99,0.01,0.0002,0.869867353,0.118341194,0.096414938,0.736010363,0.252610412,0.203198869,0.765233477,0.568196314,0.429650007,3.485232704,4.014362876,9.444631186,5.484096,0.41677335,14.52007856,4.299956262,7.219209651,0.227649219,2.250060007,1.845255442,55,36,0.04081056,0.732699316,0.856188744,8,0.157707585,0.528838995,0.75,0.706752335,0.39,0,0.9
96,2/1/2020,0.99,0.01,0.0002,0.99,0.01,0.0002,0.898170342,0.083693682,0.090733201,0.737750501,0.25685139,0.223193538,0.805299762,0.527326891,0.477408682,2.290636194,4.37284153,8.141529097,6.297137058,0.43057419,17.14403487,3.734180443,5.43891674,0.398140172,2.315047292,1.876911759,1,36,0.040627447,0.81465864,0.596890413,8,0.225391094,0.567359153,0.75,0.549347914,0.31,0,0.6
86,2/1/2020,0.99,0.01,0.0002,0.99,0.01,0.0002,0.872650033,0.109084307,0.075748673,0.743013646,0.251126114,0.182364286,0.855331707,0.59128289,0.480613146,2.600705439,5.608037231,8.017627091,6.420423917,0.43080982,16.77138886,3.985125842,5.203113824,0.213994388,1.443654085,1.981480434,90,36,0.040276364,0.646220308,0.772731022,5,0.206826731,0.453931926,0.75,0.616239643,0.16,0,0.5
308,2/1/2020,0.99,0.01,0.0002,0.99,0.01,0.0002,0.932111326,0.10850855,0.099600233,0.762023404,0.247059914,0.18609106,0.748019507,0.560829146,0.422300516,2.147121625,4.478594691,8.460621849,6.325348953,0.431721044,15.96720621,4.197223414,5.923003473,0.35225945,1.222601476,1.376591343,54,36,0.038903087,0.666598975,0.816129716,9,0.205861247,0.453281271,0.75,0.548148765,0.27,0,0.8
285,2/1/2020,0.99,0.01,0.0002,0.99,0.01,0.0002,0.90043794,0.086215789,0.062105286,0.832076224,0.250797375,0.159233723,0.885477761,0.508274135,0.422023717,3.963604797,5.406389026,9.143517742,5.610628918,0.428892989,14.76290227,4.950879043,6.48381173,0.240702583,2.039327849,1.90443752,82,36,0.038896077,0.70458273,0.527068744,10,0.245120246,0.509596546,0.75,0.676767869,0.27,0,0.4
118,2/1/2020,0.99,0.01,0.0002,0.99,0.01,0.0002,0.920683202,0.104315132,0.09884187,0.832847948,0.268598865,0.155301398,0.857995844,0.568002935,0.453805143,3.873792002,4.831958807,8.53714826,5.344116644,0.435631577,14.39092529,4.366194771,5.193808305,0.325617966,1.011325118,1.9369945,89,36,0.039457003,0.780324264,0.681806235,6,0.131707374,0.494603515,0.75,0.794015334,0.18,0,0.3
6,2/1/2020,0.99,0.01,0.0002,0.99,0.01,0.0002,0.910773553,0.09872589,0.074527948,0.849853895,0.239903358,0.174743249,0.795832232,0.570701833,0.436153301,2.586512803,4.824384541,8.517581183,5.558782074,0.442559746,15.4163947,4.879393677,5.455695192,0.25868534,2.369360659,1.454251446,5,36,0.037091388,0.670853,0.825661901,5,0.219106527,0.478058602,0.75,0.656451204,0.28,0,0.7
43,2/1/2020,0.99,0.01,0.0002,0.99,0.01,0.0002,0.86112597,0.089698959,0.056601096,0.860145663,0.232088735,0.223672145,0.770044844,0.554084543,0.456468961,3.538344119,4.790475736,9.027822027,6.291452483,0.420615804,15.59283091,3.282599649,5.071293355,0.353801058,1.41772196,1.787831735,72,36,0.041486951,0.788249337,0.608888665,6,0.802222222,0.882222222,0.944444444,0.68383764,0.24,0,0.7
250,2/1/2020,0.99,0.01,0.0002,0.99,0.01,0.0002,0.931640633,0.112142775,0.085766981,0.874993581,0.245973501,0.207652811,0.875461131,0.581926267,0.41594397,2.110206427,4.973375752,8.432377589,5.9989619,0.443321978,15.6804789,3.616969858,7.086987509,0.240254898,2.753149593,1.745096482,25,36,0.041576542,0.613842895,0.520048576,10,0.103454155,0.475270006,0.75,0.515285741,0.42,0,0.6
622,2/1/2020,0.99,0.01,0.0002,0.99,0.01,0.0002,0.876153366,0.109057485,0.08947691,0.880829837,0.249219483,0.195256105,0.760620964,0.524663251,0.461877587,2.505446537,5.650984832,8.733281069,6.008010132,0.406991568,16.89745202,4.565592984,5.343304219,0.274801898,2.590292901,1.530832342,86,36,0.038687266,0.680076542,0.647666641,8,0.11239998,0.519509465,0.75,0.603687601,0.23,0,0.8
394,2/1/2020,0.99,0.01,0.0002,0.99,0.01,0.0002,0.893739621,0.096819627,0.079740333,0.886234083,0.252118857,0.176145785,0.814820912,0.528587214,0.406851011,2.366646211,5.752508108,8.70742197,5.106005678,0.442293352,15.03891284,3.111861176,7.125903207,0.312070922,2.542179141,1.512976926,69,36,0.038782389,0.706693286,0.511797902,4,0.201548816,0.579981024,0.75,0.620264529,0.24,0,0.4
107,2/1/2020,0.99,0.01,0.0002,0.99,0.01,0.0002,0.94722885,0.093330873,0.066183376,0.888820244,0.233078703,0.179137109,0.866867705,0.577660933,0.423656946,2.41343937,4.167806022,8.484959974,6.013614523,0.416026978,16.19440913,3.10483532,6.349431776,0.283244603,1.289936705,1.841972628,59,36,0.040192919,0.76537871,0.602229156,7,0.107229744,0.468310528,0.75,0.724778855,0.17,0,0.8
45,2/1/2020,0.99,0.01,0.0002,0.99,0.01,0.0002,0.883921646,0.110527933,0.093195176,0.889182986,0.243918923,0.175395547,0.878364197,0.546945746,0.42868378,3.651772128,5.102503586,9.414437289,6.932795819,0.421578287,17.42355307,4.703119145,7.126245857,0.234041108,2.123130377,1.092965277,39,36,0.038645368,0.882082274,0.545125852,10,0.104729622,0.458280099,0.75,0.658016627,0.25,0,1
140,2/2/2020,0.99,0.01,0.0002,0.99,0.01,0.0002,0.875965185,0.114922583,0.085670818,0.729339387,0.24418528,0.192006993,0.851701455,0.543537477,0.421703254,2.075036095,4.77857503,9.764741006,6.65918515,0.429100805,15.68371254,3.040389515,6.00367167,0.394944185,1.019322484,1.876637805,35,36,0.03730258,0.733038389,0.759315501,4,0.755555556,0.877777778,0.930555556,0.652544766,0.38,0,0.5
215,2/2/2020,0.99,0.01,0.0002,0.99,0.01,0.0002,0.853679452,0.108785805,0.063375588,0.755371211,0.259242755,0.182577976,0.850742447,0.59288052,0.413626755,3.155757825,4.412897834,8.841014382,5.475131904,0.438107043,15.50736285,3.227348205,7.092478032,0.398577382,2.380733044,1.856314877,3,36,0.039679581,0.648844734,0.840940073,6,0.180820505,0.576551045,0.75,0.754978268,0.44,0,0.4
489,2/2/2020,0.99,0.01,0.0002,0.99,0.01,0.0002,0.916643875,0.1055961,0.054520845,0.764081709,0.233759735,0.164468633,0.766128264,0.563716903,0.413858776,2.0184856,4.914341578,8.61015688,5.257982379,0.402356611,14.79472908,3.402598842,5.898539156,0.227845438,2.767051728,1.722102617,64,36,0.038085893,0.656773759,0.638686577,8,0.780555556,0.855555556,0.930555556,0.556075491,0.43,0,0.3
82,2/2/2020,0.99,0.01,0.0002,0.99,0.01,0.0002,0.859845357,0.081427994,0.050288023,0.774778681,0.256685587,0.196796455,0.87272052,0.580841079,0.462677125,2.094161283,4.038725903,9.380244588,6.296824611,0.412151995,16.60806333,3.100067417,5.331316761,0.297047596,1.955428221,1.784842788,4,36,0.040038812,0.802254529,0.779133629,3,0.149873166,0.450109521,0.75,0.711766769,0.49,0,0.2
119,2/2/2020,0.99,0.01,0.0002,0.99,0.01,0.0002,0.947763296,0.105274553,0.051731511,0.820130919,0.266929824,0.197831059,0.866872982,0.554814078,0.490524909,2.000439488,5.510512785,9.055467106,6.769488401,0.449715448,15.77649185,3.64726419,7.773612541,0.359413716,1.751929727,1.248014567,35,36,0.038425935,0.735294845,0.588147585,5,0.134870133,0.550584226,0.75,0.577911295,0.17,0,1
1006,2/2/2020,0.99,0.01,0.0002,0.99,0.01,0.0002,0.910591247,0.117243376,0.082714475,0.825522015,0.234189359,0.246860041,0.763564011,0.582854354,0.429890999,2.13300744,4.05509648,9.55736082,6.08301551,0.449247089,15.13876646,4.247824658,7.663321343,0.392486793,2.049290562,1.860752157,30,36,0.038683749,0.818581444,0.543816933,4,0.242896073,0.568931486,0.75,0.626925163,0.45,0,0.4
256,2/2/2020,0.99,0.01,0.0002,0.99,0.01,0.0002,0.925951989,0.108709463,0.0679711,0.844256663,0.25136284,0.214410246,0.873088032,0.581123414,0.447359588,2.213283452,5.053839702,8.045646022,5.047876189,0.406019633,15.45823512,3.505281005,7.405832446,0.301623125,1.273896953,1.180392239,48,36,0.039403717,0.860955678,0.767550193,5,0.752777778,0.875,0.930555556,0.655447114,0.48,0,0.2
77,2/2/2020,0.99,0.01,0.0002,0.99,0.01,0.0002,0.896951185,0.093587966,0.06065348,0.846818146,0.231273567,0.228208894,0.74240757,0.553494245,0.402845129,3.083705331,5.331208169,8.394665304,6.087630519,0.419480983,16.49896639,3.722559768,6.632945109,0.287959834,2.118102309,1.894212905,11,36,0.037300137,0.613073015,0.79585761,8,0.747222222,0.85,0.930555556,0.727362072,0.49,0,0.3
230,2/2/2020,0.99,0.01,0.0002,0.99,0.01,0.0002,0.873517782,0.094122957,0.060137434,0.847141976,0.2445469,0.164981665,0.778153626,0.539564667,0.485678072,2.292702426,5.007425938,9.496529533,5.24813358,0.444849256,14.99230234,4.410520166,6.062755615,0.201336854,1.204487811,1.256927736,88,36,0.039920525,0.849486403,0.632875182,6,0.106749917,0.520747759,0.75,0.566448621,0.41,0,0.8
450,2/2/2020,0.99,0.01,0.0002,0.99,0.01,0.0002,0.8689171,0.109006579,0.085473763,0.852334228,0.255350943,0.176347325,0.849482487,0.548071767,0.475102743,2.036166327,5.709066885,8.79953654,5.970584237,0.421176249,16.17793932,3.744678671,5.569112168,0.377021011,2.402890933,1.968584496,12,36,0.04065006,0.633694374,0.581185008,3,0.181438822,0.511704169,0.75,0.552090744,0.49,0,0.9
193,2/2/2020,0.99,0.01,0.0002,0.99,0.01,0.0002,0.905136901,0.114081332,0.088593873,0.85380441,0.269830992,0.223930426,0.808206318,0.500352113,0.451233587,2.987970451,4.641041067,9.603085599,5.233841595,0.444273232,14.98401267,3.578405185,5.390527128,0.205436933,1.097058158,1.024938279,16,36,0.040931914,0.736276991,0.559210888,4,0.18436074,0.495269162,0.75,0.729251594,0.26,0,0.3
222,2/2/2020,0.99,0.01,0.0002,0.99,0.01,0.0002,0.93910887,0.092228737,0.080070442,0.860317535,0.266692741,0.165763239,0.8558304,0.585825227,0.409083476,2.382749267,4.132451546,8.605198523,6.554572137,0.434833836,16.01048288,3.788588455,5.260564636,0.38140862,2.570813996,1.7603819,42,36,0.040616932,0.740972274,0.889650057,8,0.162396504,0.508437396,0.75,0.691459923,0.14,0,1
64,2/2/2020,0.99,0.01,0.0002,0.99,0.01,0.0002,0.876969244,0.100528419,0.07574257,0.860975618,0.231656276,0.179016244,0.734480273,0.509674026,0.422936016,2.720048455,4.201774656,9.596954581,6.883879392,0.407039551,17.80832295,4.699860641,6.265583596,0.301289829,1.171292231,1.520965015,31,36,0.039332394,0.723493551,0.574490707,9,0.135380434,0.560604224,0.75,0.597761902,0.36,0,0.6
2014,2/2/2020,0.99,0.01,0.0002,0.99,0.01,0.0002,0.908236394,0.09203746,0.052267969,0.86359426,0.232751818,0.156596216,0.837944947,0.578355362,0.413337205,2.554834577,5.270217273,8.665200437,5.481151491,0.405618727,16.21361893,4.773819821,6.172434352,0.399004721,1.618569056,1.446329465,27,36,0.039063113,0.884986807,0.512682552,8,0.214750422,0.457937747,0.75,0.592821905,0.33,0,0.9
63,2/2/2020,0.99,0.01,0.0002,0.99,0.01,0.0002,0.879110191,0.096357438,0.088093111,0.864526952,0.247728174,0.152630372,0.769184748,0.550693052,0.422473038,3.933863796,4.7090714,9.808384695,6.759270622,0.404316804,17.0752417,4.945384433,6.140776777,0.318389974,1.31180463,1.198198001,92,36,0.040182657,0.752666181,0.890479037,7,0.179514439,0.466113403,0.75,0.673543934,0.48,0,0.6
233,2/2/2020,0.99,0.01,0.0002,0.99,0.01,0.0002,0.911500672,0.109961537,0.073924819,0.885865996,0.242642281,0.198884564,0.78028173,0.508712247,0.477764978,2.707220023,4.231059168,9.638835602,5.888270103,0.435377124,15.86074514,3.876910487,7.441582875,0.234607985,2.49910653,1.550197979,21,36,0.040146746,0.87134606,0.620573305,4,0.228244767,0.522641488,0.75,0.725276434,0.28,0,0.3
133,2/3/2020,0.99,0.01,0.0002,0.99,0.01,0.0002,0.927017202,0.116892593,0.088357494,0.712085914,0.256607962,0.198433201,0.863798998,0.503162569,0.497764904,2.577627378,4.820630835,9.669477314,6.485300852,0.424179564,16.7777021,4.317925604,6.485835939,0.371825407,2.118114019,1.818981263,40,36,0.039201773,0.613938823,0.726560859,8,0.144727718,0.538088345,0.75,0.579526121,0.16,0,0.8
37,2/3/2020,0.99,0.01,0.0002,0.99,0.01,0.0002,0.892071269,0.11905183,0.098831665,0.721134945,0.259538149,0.193703675,0.841435307,0.599192796,0.455351288,3.360241105,4.46882728,9.449886104,5.843182831,0.412233232,14.87044441,3.565695733,6.310216719,0.385016545,1.754164037,1.500902312,53,36,0.037498863,0.687781211,0.747402483,5,0.165801875,0.547406803,0.75,0.789263782,0.42,0,0.3
213,2/3/2020,0.99,0.01,0.0002,0.99,0.01,0.0002,0.937660691,0.086241065,0.062951667,0.728491014,0.255422518,0.152902964,0.897817335,0.589919248,0.43930803,2.405330397,5.317947614,9.274781424,6.464958574,0.422667259,16.74742244,4.927923053,5.626548678,0.24311236,1.433579969,1.771606373,5,36,0.039863695,0.822939358,0.51548479,9,0.75,0.803333333,0.916666667,0.587467426,0.43,0,0.8
377,2/3/2020,0.99,0.01,0.0002,0.99,0.01,0.0002,0.916102501,0.110144352,0.053902603,0.74670387,0.236045174,0.211164361,0.762433826,0.543603171,0.491542116,3.291646564,5.119597717,9.838769298,6.273669765,0.411286257,17.01093547,4.904980064,7.151075242,0.265052088,2.863109586,1.517892696,82,36,0.039983438,0.771732562,0.544519321,4,0.723333333,0.8,0.916666667,0.681807545,0.19,0,1
515,2/3/2020,0.99,0.01,0.0002,0.99,0.01,0.0002,0.889225318,0.099536446,0.094533485,0.751957749,0.243343352,0.228134691,0.840719685,0.582952847,0.408076621,2.16973787,4.922963349,9.339015221,6.686952658,0.42975023,16.56056493,4.012020956,5.4188546,0.302035257,2.411195525,1.462624697,48,36,0.039349083,0.6192174,0.517592275,9,0.106993509,0.471856152,0.75,0.509023117,0.31,0,0.2
461,2/3/2020,0.99,0.01,0.0002,0.99,0.01,0.0002,0.926668693,0.118511537,0.089004322,0.757621242,0.239228021,0.156729869,0.753396165,0.586414662,0.412115887,2.682332256,5.232652346,9.995102884,5.927771305,0.429351739,15.71027042,4.80073487,6.231049887,0.343911229,1.820135709,1.536216313,65,36,0.039073097,0.670852837,0.571674162,7,0.177409201,0.538458611,0.75,0.57134768,0.38,0,0.4
516,2/3/2020,0.99,0.01,0.0002,0.99,0.01,0.0002,0.91415064,0.086184208,0.059365821,0.764637951,0.246859661,0.242582778,0.743533654,0.538019436,0.401559377,3.245431309,4.99416506,9.511836182,5.634430345,0.414437784,16.55816831,3.060325942,7.839877893,0.315761387,1.428651201,1.132771673,18,36,0.038642446,0.65645888,0.806752319,9,0.138344743,0.554447823,0.75,0.628963513,0.14,0,0.4
229,2/3/2020,0.99,0.01,0.0002,0.99,0.01,0.0002,0.859008819,0.081819335,0.097588482,0.778983963,0.247051671,0.191439262,0.896909829,0.598345692,0.416016532,3.741447018,5.223092284,9.97102038,5.21283331,0.4178759,14.80013452,3.929701623,6.100848653,0.399289861,2.551024574,1.370214569,14,36,0.041574375,0.856117046,0.617742331,8,0.170391579,0.548477072,0.75,0.711365539,0.41,0,0.6
452,2/3/2020,0.99,0.01,0.0002,0.99,0.01,0.0002,0.918357673,0.094708442,0.090243882,0.821673801,0.245203376,0.244195174,0.785848517,0.509651568,0.417000494,2.821874113,4.580195496,8.119511213,5.099135019,0.402597328,15.20381959,3.527682715,7.360125453,0.344182208,1.766091127,1.077509334,14,36,0.037578437,0.807418934,0.751975175,3,0.129334858,0.501817231,0.75,0.755167007,0.1,0,0.3
24,2/3/2020,0.99,0.01,0.0002,0.99,0.01,0.0002,0.893056068,0.100848437,0.090070058,0.831238027,0.230413697,0.173366794,0.810453876,0.514440741,0.492396215,2.589191721,5.197667208,9.147356497,6.255281577,0.44574983,16.5582014,4.908001011,6.581520093,0.386351465,2.840063496,1.893681783,50,36,0.040707183,0.607550075,0.815343609,10,0.206976135,0.495719202,0.75,0.570686758,0.16,0,0.7
113,2/3/2020,0.99,0.01,0.0002,0.99,0.01,0.0002,0.88179396,0.114193763,0.061912489,0.83589345,0.252629663,0.204496456,0.840724893,0.585861789,0.452345763,2.804460163,4.970867625,8.809716143,6.822853411,0.441492974,15.85899085,3.905099653,6.694414814,0.323680443,1.64501668,1.584017035,8,36,0.040710377,0.811587432,0.590488651,2,0.223135682,0.463226197,0.75,0.762461651,0.41,0,0.6
235,2/3/2020,0.99,0.01,0.0002,0.99,0.01,0.0002,0.9191864,0.105012828,0.057996891,0.860786832,0.241645533,0.167635195,0.759445542,0.588341807,0.490492606,3.185310985,5.067718097,8.686783668,5.410829444,0.405166337,15.9609241,4.010579687,6.38194609,0.338925274,1.698703011,1.902474863,40,36,0.037866694,0.720217373,0.642955927,9,0.123365328,0.4963084,0.75,0.661308498,0.15,0,0.5
748,2/3/2020,0.99,0.01,0.0002,0.99,0.01,0.0002,0.889518884,0.083263709,0.052760844,0.894692208,0.231552623,0.186792003,0.894558543,0.501335622,0.405207111,2.259391788,5.200425713,9.420674404,6.218691107,0.401307256,17.09311559,3.906379746,6.323063455,0.302677503,1.207615899,1.134905174,68,36,0.037209747,0.623825132,0.838183717,10,0.151035573,0.55852393,0.75,0.624009054,0.13,0,0.8
34,2/4/2020,0.99,0.01,0.0002,0.99,0.01,0.0002,0.903341278,0.080233553,0.08753348,0.708324653,0.245744227,0.179707192,0.822542398,0.588191953,0.499476506,3.112945275,4.032565361,8.259851264,5.121701905,0.43248105,15.88401065,3.624668578,6.426522735,0.276910536,2.08458892,1.205476503,89,36,0.039088458,0.882430682,0.812463344,5,0.104686523,0.565194013,0.75,0.798185882,0.5,0,0.8
0,2/4/2020,0.99,0.01,0.0002,0.99,0.01,0.0002,0.892762001,0.119666832,0.071841883,0.715403199,0.258275373,0.192226059,0.79937897,0.548341744,0.423875514,2.510733884,4.388173314,8.331126455,5.413308359,0.403483267,15.65716462,3.764629974,6.875810544,0.373505158,1.818344195,1.847809007,43,36,0.041939379,0.659291198,0.690061288,3,0.171040303,0.559470106,0.75,0.61993462,0.42,0,0.3
395,2/4/2020,0.99,0.01,0.0002,0.99,0.01,0.0002,0.912218333,0.118329101,0.073162764,0.719741284,0.247887383,0.179474148,0.738480307,0.569645909,0.405831404,2.451805548,5.441154548,9.402810617,6.810820466,0.421479046,16.53799013,3.859574291,6.560851277,0.313996676,1.855359689,1.675938067,51,36,0.041152759,0.76075059,0.551348948,2,0.20553544,0.467644263,0.75,0.614487704,0.34,0,0.9
223,2/4/2020,0.99,0.01,0.0002,0.99,0.01,0.0002,0.923416157,0.093456698,0.082576504,0.720333665,0.248316876,0.182901025,0.768956866,0.554739927,0.464709689,2.10483792,4.645480737,8.110412343,5.795696567,0.402648594,16.20018892,3.27539439,7.326653419,0.345238117,1.929335041,1.160283574,94,36,0.038257895,0.606639499,0.516854489,7,0.248858336,0.460128943,0.75,0.693657885,0.46,0,0.5
110,2/4/2020,0.99,0.01,0.0002,0.99,0.01,0.0002,0.922522591,0.098055491,0.056058333,0.720468196,0.257637675,0.181232046,0.788253213,0.529508542,0.456211884,3.585845081,4.531152435,9.988435547,5.362601545,0.434639965,15.79725215,4.317688909,6.197843976,0.215234885,2.364355485,1.490913207,71,36,0.039875753,0.765611377,0.836942839,7,0.165272132,0.49076112,0.75,0.763869137,0.14,0,0.2
134,2/4/2020,0.99,0.01,0.0002,0.99,0.01,0.0002,0.917524848,0.10754667,0.090390549,0.725180926,0.234181911,0.213147935,0.897169182,0.550914455,0.453229519,2.695850517,4.350118612,8.588683564,5.482560451,0.40614876,15.16113857,3.168858559,6.880786401,0.343513884,2.695595026,1.377008638,51,36,0.041812614,0.71799655,0.577563502,1,0.696666667,0.778333333,0.902777778,0.82081608,0.48,0,0.5
608,2/4/2020,0.99,0.01,0.0002,0.99,0.01,0.0002,0.903661947,0.089930031,0.085615251,0.730346196,0.269653952,0.189218689,0.7073813,0.526967231,0.426299406,2.363339926,5.066779398,9.916546423,5.11723628,0.43740171,14.87195383,3.929112113,5.238237643,0.322105554,2.144567805,1.692270172,25,36,0.040582781,0.748991794,0.714965374,7,0.209300858,0.543039238,0.75,0.527031797,0.49,0,0.9
274,2/4/2020,0.99,0.01,0.0002,0.99,0.01,0.0002,0.906166752,0.104764918,0.066098917,0.737224087,0.241326564,0.21937171,0.822739348,0.589529902,0.49850308,2.619777629,4.249508073,9.43948245,5.048930849,0.4086661,14.98166728,4.383780959,5.566013969,0.352079167,1.184666733,1.664772662,35,36,0.037130732,0.716663115,0.870962372,9,0.166242618,0.50360984,0.75,0.672129183,0.26,0,0.6
39,2/4/2020,0.99,0.01,0.0002,0.99,0.01,0.0002,0.865141431,0.11138304,0.064978378,0.738091231,0.247030903,0.203219262,0.799489622,0.59343653,0.485477149,2.109725064,4.09356661,8.388761743,6.732715326,0.411855255,17.42733475,4.73727471,5.411802841,0.256548797,1.315812997,1.452167408,99,36,0.038254259,0.793328733,0.598170979,10,0.233951259,0.472495671,0.75,0.609660144,0.41,0,0.9
352,2/4/2020,0.99,0.01,0.0002,0.99,0.01,0.0002,0.921994508,0.089488171,0.098408144,0.765042846,0.231616975,0.156243318,0.828862914,0.58390041,0.461843693,2.057041298,4.389381279,9.572424081,6.035941162,0.406460548,16.42507588,4.380985523,5.933137399,0.252522003,2.93457206,1.691313666,36,36,0.038520669,0.838229816,0.723163209,9,0.243164672,0.517662152,0.75,0.579967388,0.3,0,0.4
49,2/4/2020,0.99,0.01,0.0002,0.99,0.01,0.0002,0.94451954,0.102688161,0.063316646,0.782975801,0.254523284,0.171346219,0.751971863,0.536511607,0.455286562,3.549491499,4.484087194,9.20350779,5.111059616,0.433151524,15.57808802,3.012030835,5.612701302,0.240568671,1.133330851,1.247619359,44,36,0.039518219,0.768032244,0.889488713,8,0.170129027,0.504441172,0.75,0.765672893,0.43,0,0.8
55,2/4/2020,0.99,0.01,0.0002,0.99,0.01,0.0002,0.922080856,0.111061638,0.090317995,0.791808356,0.252147157,0.224500542,0.861977113,0.580494647,0.463320289,2.669993965,4.375440055,8.951968246,5.045602173,0.421954177,15.97342105,3.677454528,7.404420645,0.382965737,1.250305888,1.192189986,36,36,0.041238763,0.731854859,0.648265707,6,0.712222222,0.786111111,0.902777778,0.65707829,0.31,0,0.9
336,2/4/2020,0.99,0.01,0.0002,0.99,0.01,0.0002,0.906812997,0.114341054,0.084831086,0.803091328,0.260855608,0.176934858,0.859899203,0.565204814,0.440154636,3.442362694,5.180391627,9.449677271,5.365264382,0.426881219,14.55146622,3.995092147,6.436117768,0.220417603,1.691715042,1.637716275,18,36,0.040380051,0.859366098,0.697442976,7,0.176189428,0.549053809,0.75,0.714207669,0.19,0,1
641,2/4/2020,0.99,0.01,0.0002,0.99,0.01,0.0002,0.948115857,0.109252364,0.08813775,0.806817549,0.231253493,0.156175634,0.764059949,0.560856105,0.400413038,2.688579617,5.726141301,8.213740506,6.425583116,0.41152502,15.58769627,3.305694904,5.580701726,0.25532591,1.932619541,1.672229674,63,36,0.03781685,0.727553336,0.608603735,10,0.160910701,0.483321412,0.75,0.602463329,0.48,0,0.8
384,2/4/2020,0.99,0.01,0.0002,0.99,0.01,0.0002,0.937924655,0.118133699,0.098290579,0.809506045,0.259684202,0.174754838,0.834195192,0.5477111,0.499538404,3.389117859,4.35573817,8.103978808,6.415522665,0.401675682,16.97318848,4.765517175,7.568796024,0.295114071,1.816734061,1.744045603,31,36,0.040946623,0.77657991,0.704366078,10,0.187130753,0.548909467,0.75,0.789179022,0.17,0,0.2
243,2/4/2020,0.99,0.01,0.0002,0.99,0.01,0.0002,0.927238295,0.109068655,0.066870598,0.822378974,0.257734488,0.231987995,0.849106815,0.567156835,0.410632956,2.609844694,4.514459154,8.086702568,6.75195511,0.437446087,17.65692005,4.13006342,7.780711177,0.213156255,2.729201745,1.379934379,77,36,0.040126433,0.852013448,0.571047817,3,0.18374811,0.472373971,0.75,0.771288738,0.22,0,0.8
382,2/4/2020,0.99,0.01,0.0002,0.99,0.01,0.0002,0.897885393,0.089354468,0.069177013,0.853986901,0.254749405,0.188553742,0.822423231,0.54870618,0.49945016,2.684591342,4.340662923,9.388898731,6.38136891,0.412682283,16.12308695,4.614472753,7.514675161,0.360140199,2.308143218,1.263929153,25,36,0.040571991,0.871392748,0.674332747,5,0.148388368,0.523692161,0.75,0.702464471,0.22,0,0.9
237,2/4/2020,0.99,0.01,0.0002,0.99,0.01,0.0002,0.91350183,0.107102749,0.056917425,0.896748371,0.255282271,0.230005071,0.739401727,0.55017044,0.499754821,2.491832285,4.041775561,8.14709883,6.723052196,0.425429926,16.60837415,3.315470674,6.256922378,0.340283391,2.90157558,1.849166867,17,36,0.041489331,0.612905106,0.610001333,10,0.215654617,0.558002147,0.75,0.63877672,0.34,0,0.3
673,2/4/2020,0.99,0.01,0.0002,0.99,0.01,0.0002,0.91717745,0.11079135,0.081469317,0.899161883,0.236914621,0.201376551,0.820395436,0.577001085,0.422658657,2.553733291,5.338385609,8.724463834,5.289434964,0.411396892,15.04349727,3.853780515,5.732184618,0.305864643,2.358645512,1.845150973,97,36,0.041750305,0.840447665,0.541613314,8,0.165723893,0.537310424,0.75,0.600311022,0.31,0,0.5
1,2/5/2020,0.99,0.01,0.0002,0.99,0.01,0.0002,0.866235767,0.104827353,0.067900425,0.711107209,0.248500441,0.173233483,0.847025002,0.512872403,0.483381937,2.74602925,4.028513658,8.776666671,6.872147942,0.414079985,16.24688309,3.287907496,5.261729326,0.379701417,2.099248664,1.591738959,71,36,0.039535816,0.744184337,0.726372973,6,0.137724363,0.567243826,0.75,0.704160561,0.23,0,1
9,2/5/2020,0.99,0.01,0.0002,0.99,0.01,0.0002,0.864487643,0.11320662,0.066181172,0.743726862,0.257032333,0.223311383,0.737239499,0.519223667,0.476660461,2.422122185,4.459896877,8.070971302,5.691811713,0.448114437,15.17030739,3.388718678,7.637944736,0.35604329,1.07016035,1.645018506,68,36,0.040297518,0.895712109,0.707827707,4,0.189647695,0.483238456,0.75,0.6089259,0.31,0,0.6
359,2/5/2020,0.99,0.01,0.0002,0.99,0.01,0.0002,0.859530083,0.101405144,0.075985011,0.745928689,0.23294229,0.165792568,0.847992118,0.597924885,0.447156329,2.041687686,4.064430612,9.125438999,6.246610586,0.422440555,16.90071591,4.548229555,7.397447416,0.255702147,2.646333765,1.639445549,45,36,0.040421673,0.747038366,0.711341235,5,0.152632772,0.579869778,0.75,0.553442262,0.27,0,0.8
943,2/5/2020,0.99,0.01,0.0002,0.99,0.01,0.0002,0.922649113,0.117185852,0.052442022,0.763877487,0.253754269,0.170005519,0.891419935,0.543251281,0.424440537,2.230441896,5.751370837,8.031881637,6.016802258,0.409906177,15.66828343,4.101964022,6.775686432,0.383839058,1.644571869,1.249385596,30,36,0.041600414,0.709758486,0.686750202,5,0.140630103,0.451936328,0.75,0.649686946,0.5,0,1
270,2/5/2020,0.99,0.01,0.0002,0.99,0.01,0.0002,0.865796143,0.116834506,0.057235836,0.789156202,0.254691882,0.16736975,0.87260816,0.593650831,0.447340545,2.449798777,4.820787723,8.289944576,5.135062389,0.405632099,14.74594791,4.106012523,7.10410465,0.22081982,1.821878264,1.476985518,26,36,0.037204992,0.716202284,0.522976188,3,0.239719301,0.517731689,0.75,0.707817991,0.19,0,0.3
614,2/5/2020,0.99,0.01,0.0002,0.99,0.01,0.0002,0.907378701,0.10883729,0.08491379,0.808747651,0.235716093,0.163102746,0.800372713,0.583658986,0.439216315,2.088502748,4.859634173,9.206843546,5.883024258,0.420051586,15.6811359,4.566117867,7.954031334,0.203640242,1.938884565,1.736307903,56,36,0.038299894,0.849829937,0.824936134,9,0.156117705,0.468939117,0.75,0.592039836,0.29,0,0.8
48,2/5/2020,0.99,0.01,0.0002,0.99,0.01,0.0002,0.904193977,0.091786655,0.078044859,0.821738073,0.262331316,0.210806906,0.740053663,0.560899482,0.473636798,2.581024576,4.78875188,8.413846667,6.587333397,0.415539838,17.13689442,3.958406311,6.988350684,0.331888209,1.261450714,1.669887588,96,36,0.039868616,0.632552916,0.760458976,6,0.212571791,0.464266393,0.75,0.693729353,0.44,0,0.6
59,2/5/2020,0.99,0.01,0.0002,0.99,0.01,0.0002,0.91773865,0.112164735,0.07239846,0.832681321,0.25397011,0.223298352,0.720331928,0.599055832,0.416990412,3.015671099,5.59613321,8.043894092,5.291887701,0.411394095,16.11171377,4.496548046,6.041713858,0.242782791,1.264320729,1.629130535,15,36,0.03835465,0.672954078,0.737339261,9,0.18239184,0.537843525,0.75,0.602005875,0.5,0,1
482,2/5/2020,0.99,0.01,0.0002,0.99,0.01,0.0002,0.877447795,0.105657641,0.095487335,0.849227811,0.233390285,0.244516298,0.705835024,0.577167776,0.496517222,2.831941354,4.702664784,8.570703364,6.648458285,0.424401762,16.15339883,4.755020179,6.516611837,0.33491764,2.10034884,1.220523916,73,36,0.040906512,0.729480292,0.750936558,5,0.218155437,0.551603454,0.75,0.627208665,0.38,0,0.9
177,2/5/2020,0.99,0.01,0.0002,0.99,0.01,0.0002,0.892482584,0.080363699,0.066067091,0.870871815,0.253190364,0.17863384,0.811906557,0.513222906,0.45431184,2.344999603,5.735831942,9.398927209,6.053595492,0.429909723,16.77453899,3.568390375,7.818839033,0.319536386,1.983127405,1.318441827,83,36,0.041017917,0.87321659,0.541377497,7,0.236805187,0.542911774,0.75,0.529604806,0.18,0,0.3
253,2/5/2020,0.99,0.01,0.0002,0.99,0.01,0.0002,0.89401216,0.095937966,0.086593711,0.873498816,0.263534047,0.173170734,0.831556935,0.512257501,0.427543231,3.590672003,5.033817639,8.618534905,6.238051754,0.446373689,16.64804619,4.283665718,5.280579137,0.354437755,2.629582829,1.532210132,93,36,0.040334937,0.777235262,0.662159182,9,0.608888889,0.737777778,0.888888889,0.853618429,0.16,0,0.7
122,2/5/2020,0.99,0.01,0.0002,0.99,0.01,0.0002,0.876056021,0.093132858,0.065308263,0.878446152,0.268401053,0.193936075,0.727187034,0.506679612,0.457620178,2.498819374,5.951361469,8.903045548,5.54127067,0.417072282,14.54524691,3.801495837,5.087882826,0.332337427,1.307683133,1.272303243,92,36,0.040072233,0.604079291,0.689114738,2,0.163459062,0.482541136,0.75,0.723362446,0.26,0,0.7
111,2/5/2020,0.99,0.01,0.0002,0.99,0.01,0.0002,0.905299297,0.113000282,0.088998837,0.880638403,0.235319075,0.194825803,0.866233426,0.546589604,0.444168762,2.349286886,4.630171399,8.217595099,5.451489563,0.417495298,16.22731392,4.288079211,6.980284118,0.245131934,2.588715673,1.281658164,5,36,0.041533224,0.650870249,0.776089498,9,0.118772145,0.514275909,0.75,0.594085977,0.14,0,0.6
21,2/5/2020,0.99,0.01,0.0002,0.99,0.01,0.0002,0.939760946,0.10035613,0.073700735,0.886439129,0.252472557,0.234408342,0.841194705,0.599089637,0.407920083,3.48759198,4.728975974,8.417703194,6.787783007,0.426737559,17.64657512,4.798606152,6.145658169,0.281022856,2.487277655,1.016814297,22,36,0.040148787,0.843539267,0.876201278,6,0.195465307,0.543195013,0.75,0.779701894,0.13,0,0.3
337,2/5/2020,0.99,0.01,0.0002,0.99,0.01,0.0002,0.854898786,0.080693955,0.053078337,0.897544324,0.260039859,0.164808274,0.860295583,0.588441512,0.437834746,2.475939293,4.10740178,8.355918361,6.124397111,0.422290021,16.68196134,3.432715152,6.317339309,0.219595202,1.812607905,1.785701351,8,36,0.03776212,0.829185374,0.757502569,8,0.179993817,0.560867704,0.75,0.775831746,0.35,0,0.5
259,2/6/2020,0.99,0.01,0.0002,0.99,0.01,0.0002,0.928130054,0.081054988,0.065153681,0.710958131,0.269792011,0.245441207,0.818157151,0.558600413,0.468904903,2.903359411,4.533826394,9.135476107,5.883754773,0.426458179,16.58504971,3.529556132,6.528702124,0.270520811,2.406306621,1.981539725,49,36,0.041759962,0.637514831,0.717821166,2,0.217674817,0.505684276,0.75,0.858786078,0.45,0,0.8
815,2/6/2020,0.99,0.01,0.0002,0.99,0.01,0.0002,0.874699405,0.106221201,0.064262497,0.729444202,0.244416842,0.170928255,0.820931607,0.569465996,0.472496481,2.536179728,4.298626451,9.255549188,5.204067176,0.42135124,14.44014682,3.956029549,7.345226544,0.356534863,2.773621059,1.046994326,96,36,0.037972928,0.694927986,0.552568133,2,0.171250457,0.558163626,0.75,0.856212619,0.24,0,0.6
176,2/6/2020,0.99,0.01,0.0002,0.99,0.01,0.0002,0.893209473,0.092063736,0.05503552,0.732927621,0.25651096,0.200062427,0.763959161,0.56248445,0.462997147,2.414189462,5.397676622,8.711263807,5.511045934,0.414097768,15.71601845,4.060670143,6.703888035,0.205939015,1.834260017,1.204065537,88,36,0.040296331,0.830055834,0.756697678,9,0.113279279,0.489218117,0.75,0.543070613,0.14,0,0.7
146,2/6/2020,0.99,0.01,0.0002,0.99,0.01,0.0002,0.862289273,0.081826779,0.09375031,0.733651377,0.252654172,0.190897564,0.884284527,0.5746321,0.431027743,2.006823742,5.474444713,9.372588057,5.298794064,0.403911243,14.44842502,3.329046062,5.184752946,0.242826168,1.884559003,1.233258311,23,36,0.041296829,0.800215157,0.638715454,7,0.137604938,0.508685021,0.75,0.577269558,0.17,0,0.5
195,2/6/2020,0.99,0.01,0.0002,0.99,0.01,0.0002,0.850923263,0.114369058,0.093362783,0.734596672,0.237130092,0.214195432,0.805701308,0.566536724,0.447978492,2.880293943,4.29108365,8.832161741,6.92491493,0.437395126,16.04099046,3.242515019,6.950239097,0.356875093,2.768752459,1.174865746,39,36,0.038821855,0.700342434,0.593923066,3,0.184735806,0.575263671,0.75,0.80254569,0.5,0,0.9
13,2/6/2020,0.99,0.01,0.0002,0.99,0.01,0.0002,0.860426521,0.092489095,0.092202849,0.748784134,0.237056899,0.182816969,0.888303355,0.50915618,0.496003799,2.484172096,4.397013601,9.369459997,6.663443684,0.428910801,16.6943655,4.809400333,5.985710977,0.210213415,1.056080796,1.16362538,77,36,0.041322682,0.630452865,0.801898608,7,0.237091247,0.535368955,0.75,0.675040204,0.44,0,0.3
143,2/6/2020,0.99,0.01,0.0002,0.99,0.01,0.0002,0.915434093,0.111222928,0.081534932,0.780275618,0.247341014,0.232024076,0.853332149,0.539637962,0.47991097,3.001782452,4.254249084,8.127916142,6.370049295,0.434426916,16.75442608,3.436751047,7.329569265,0.372638797,2.060883656,1.018394629,94,36,0.04092343,0.795929043,0.561844955,5,0.106856065,0.533232995,0.75,0.827878591,0.37,0,0.2
4,2/6/2020,0.99,0.01,0.0002,0.99,0.01,0.0002,0.892878804,0.081161972,0.052102458,0.854761814,0.240506657,0.206798976,0.882290781,0.520387054,0.477041989,2.238016043,5.459697417,8.746199642,5.896697683,0.412523773,16.06318714,4.84487431,5.548016035,0.391083765,1.802530824,1.611157488,67,36,0.039931065,0.808371576,0.648629714,5,0.230068896,0.483312703,0.75,0.639920239,0.29,0,0.8
38,2/6/2020,0.99,0.01,0.0002,0.99,0.01,0.0002,0.891543502,0.101405202,0.069485581,0.888644077,0.236909385,0.17358607,0.824160613,0.598309035,0.40539916,2.145855751,4.49449426,8.878728281,6.056178966,0.432992448,16.51146457,4.670278355,5.356007681,0.245796597,2.481283683,1.072781444,19,36,0.040657294,0.682463796,0.686335443,8,0.237585362,0.532536598,0.75,0.675799265,0.27,0,0.4
424,2/6/2020,0.99,0.01,0.0002,0.99,0.01,0.0002,0.913697655,0.113146521,0.087732826,0.8893928,0.269296945,0.204702679,0.844327583,0.508394335,0.472688505,2.649863818,4.674955186,9.144049303,6.287038258,0.428719164,16.40149521,3.042038552,7.301288444,0.259141839,1.684469843,1.555497753,74,36,0.040222036,0.845339585,0.733675445,10,0.232526329,0.474761628,0.75,0.705614584,0.15,0,0.6
260,2/6/2020,0.99,0.01,0.0002,0.99,0.01,0.0002,0.917501825,0.119753774,0.081963656,0.897825641,0.236832809,0.185563338,0.717012108,0.511608314,0.434588366,3.197139415,5.269899152,9.515264159,6.113071062,0.442423894,16.26788796,3.290627397,5.907183922,0.372786272,2.36946848,1.469856764,92,36,0.041635483,0.819236043,0.615279644,10,0.104463922,0.513491847,0.75,0.596896377,0.27,0,1
238,2/7/2020,0.99,0.01,0.0002,0.99,0.01,0.0002,0.873412243,0.104367537,0.099331497,0.710848741,0.256940199,0.166842874,0.710796437,0.588780098,0.499467097,2.86020713,5.989965121,8.738719117,5.008238623,0.436414367,15.41294553,4.550836946,6.013447892,0.245797061,2.043842583,1.876360736,73,36,0.039032371,0.636447392,0.748616623,4,0.100108887,0.54805905,0.75,0.6014948,0.14,0,0.5
135,2/7/2020,0.99,0.01,0.0002,0.99,0.01,0.0002,0.866116597,0.094114335,0.098995768,0.722096257,0.259028522,0.2202761,0.70111542,0.580580991,0.479017475,2.122143086,4.586831765,9.454785024,6.124653525,0.432450843,15.55620616,4.744595518,7.375480621,0.335506108,1.035270247,1.546190983,68,36,0.03983681,0.725016414,0.857924709,9,0.211018258,0.57249408,0.75,0.513412382,0.43,0,0.9
248,2/7/2020,0.99,0.01,0.0002,0.99,0.01,0.0002,0.863814122,0.111439029,0.090704769,0.735614335,0.243259062,0.248046131,0.812812021,0.502149945,0.465750069,2.649723927,4.118388455,9.564955701,5.13714129,0.426436652,14.26083629,4.751567727,7.526161237,0.20947081,1.404058485,1.463107453,45,36,0.039061276,0.788301082,0.842775985,9,0.173704762,0.451298758,0.75,0.695421728,0.34,0,0.9
149,2/7/2020,0.99,0.01,0.0002,0.99,0.01,0.0002,0.921018603,0.092952066,0.088607448,0.750018916,0.265909407,0.185243161,0.791681635,0.521790564,0.402194076,2.318846083,4.051395263,8.243498037,5.858633014,0.402570228,15.0966786,3.618904716,7.656522263,0.207977655,2.145184881,1.175885242,2,36,0.039942418,0.819628044,0.8723007,7,0.133083447,0.462891519,0.75,0.635692609,0.44,0,0.3
150,2/7/2020,0.99,0.01,0.0002,0.99,0.01,0.0002,0.89749569,0.082960729,0.078342602,0.801613503,0.235068855,0.196221942,0.797587948,0.541627014,0.458650042,3.055921492,4.585189974,8.760298673,6.439933578,0.432322625,16.39325764,3.56700096,7.450307367,0.363288652,2.957828214,1.01003101,54,36,0.040123689,0.801272327,0.686943179,9,0.130340492,0.501686679,0.75,0.692948972,0.46,0,0.5
152,2/7/2020,0.99,0.01,0.0002,0.99,0.01,0.0002,0.911037974,0.084312048,0.08109852,0.805032135,0.263377264,0.198781416,0.74731819,0.58799778,0.450734505,3.304152309,5.35995897,9.99584383,5.734118561,0.446060078,15.55399501,3.629693288,6.610988519,0.23229196,1.55895415,1.366012349,77,36,0.037646591,0.684186966,0.800231347,7,0.115000149,0.474085975,0.75,0.849723517,0.14,0,0.5
332,2/7/2020,0.99,0.01,0.0002,0.99,0.01,0.0002,0.912836433,0.115076632,0.051471005,0.811870454,0.233139734,0.247328787,0.857755823,0.56009534,0.48089338,2.42567549,5.225174454,8.183038389,6.303212883,0.447440453,15.8031297,3.057090443,5.625984149,0.341639306,1.529726283,1.15801468,43,36,0.039308658,0.853427517,0.865109509,6,0.179210265,0.479607181,0.75,0.765788094,0.34,0,0.8
266,2/7/2020,0.99,0.01,0.0002,0.99,0.01,0.0002,0.855807443,0.101983642,0.077663811,0.812266266,0.243557693,0.22251297,0.745296974,0.542670248,0.457427418,2.179644401,5.651793745,9.247974105,5.168138182,0.421334845,14.20075823,3.406337073,6.527341823,0.324076507,1.881938302,1.365101372,38,36,0.038063703,0.661685999,0.765750849,6,0.148117181,0.558590867,0.75,0.541657832,0.11,0,0.3
100,2/7/2020,0.99,0.01,0.0002,0.99,0.01,0.0002,0.933295349,0.103878447,0.069872736,0.833423515,0.248387775,0.228179508,0.861890676,0.586070374,0.425368677,2.306491657,4.889737537,9.866529987,5.622316024,0.438526984,16.09952128,3.292154446,6.711804702,0.396846098,2.585823224,1.360188648,34,36,0.038892618,0.65092755,0.753307718,9,0.206313397,0.485218586,0.75,0.713689447,0.17,0,0.4
151,2/7/2020,0.99,0.01,0.0002,0.99,0.01,0.0002,0.881783741,0.101738362,0.078527086,0.853010978,0.247144492,0.235248563,0.861435049,0.504828713,0.490417637,2.212276751,5.596237481,9.109956993,5.74408487,0.409776982,15.58969203,3.764315733,7.141106771,0.343328038,1.521684748,1.17727472,74,36,0.040515826,0.807371531,0.632156351,5,0.207833772,0.538904847,0.75,0.605634631,0.25,0,0.7
58,2/7/2020,0.99,0.01,0.0002,0.99,0.01,0.0002,0.930888649,0.119667224,0.066899992,0.883830862,0.256437565,0.164683865,0.853958599,0.575739092,0.432830077,2.29948127,4.839535269,8.108259891,5.752947345,0.447652525,16.57565743,3.446742073,7.41045849,0.283191848,1.008082669,1.22901793,32,36,0.039774155,0.68312091,0.768093425,6,0.23129756,0.513250607,0.75,0.712035893,0.35,0,1
846,2/8/2020,0.99,0.01,0.0002,0.99,0.01,0.0002,0.860376901,0.115545363,0.061034228,0.711580728,0.239722779,0.220217762,0.869074606,0.529858916,0.437212936,2.061639295,5.972525507,9.40878619,6.191160885,0.400791018,16.50775477,4.322674827,5.36910439,0.257741125,1.327196376,1.134719298,19,36,0.039672191,0.666164207,0.715791123,7,0.209774809,0.473297519,0.75,0.629465431,0.16,0,0.6
803,2/8/2020,0.99,0.01,0.0002,0.99,0.01,0.0002,0.937183504,0.080890019,0.066894855,0.738784244,0.232754816,0.183195021,0.707002005,0.59526638,0.464463107,2.27611782,5.028321224,8.714268193,6.206505737,0.44697962,16.8582345,3.419948231,5.098821247,0.337461975,2.738278747,1.897812795,80,36,0.039101224,0.783774502,0.786715263,10,0.130338994,0.501774421,0.75,0.592002766,0.41,0,0.6
840,2/8/2020,0.99,0.01,0.0002,0.99,0.01,0.0002,0.911239604,0.105579531,0.091447159,0.744265253,0.245351497,0.194142326,0.882817247,0.599977026,0.406546816,3.198860496,4.226781428,8.785432948,6.924896898,0.443305321,17.0418125,4.589540904,7.069242689,0.368959981,1.541567678,1.326710008,28,36,0.041088243,0.873500952,0.755602242,9,0.161407196,0.569160665,0.75,0.701590099,0.49,0,0.9
184,2/8/2020,0.99,0.01,0.0002,0.99,0.01,0.0002,0.930235967,0.097359442,0.07877388,0.748040803,0.240086278,0.199973213,0.710403416,0.563945956,0.441299637,2.369955296,4.516669561,9.145400826,5.847617158,0.415382837,15.80283115,4.783690752,6.094436569,0.209944641,1.610733579,1.414155143,17,36,0.041105794,0.745439964,0.63048033,6,0.22685732,0.519646643,0.75,0.688014685,0.31,0,0.9
3,2/8/2020,0.99,0.01,0.0002,0.99,0.01,0.0002,0.856002952,0.100877524,0.086145313,0.748058795,0.26591863,0.204582562,0.881606282,0.572586001,0.487396858,2.932428319,4.551380314,8.576054804,5.652613523,0.431438001,16.52721198,4.072606859,6.751792644,0.344444825,2.055086242,1.546828445,45,36,0.0410307,0.647963454,0.547236701,10,0.216134929,0.520162361,0.75,0.752197768,0.19,0,0.7
117,2/8/2020,0.99,0.01,0.0002,0.99,0.01,0.0002,0.885052924,0.083413439,0.078275117,0.760552022,0.243059248,0.170874336,0.814359934,0.543177457,0.422063932,2.211247768,4.767955002,8.613275627,5.146604186,0.412734448,15.17173011,4.562530334,7.775648303,0.369156275,1.795380748,1.572618314,43,36,0.037107563,0.683264362,0.859504609,6,0.523333333,0.657777778,0.847222222,0.718870708,0.22,0,0.7
23,2/8/2020,0.99,0.01,0.0002,0.99,0.01,0.0002,0.851230978,0.116174823,0.064104348,0.767511865,0.235982274,0.231598706,0.781847323,0.533850691,0.441339878,2.816876656,4.207773478,8.000172791,6.630571694,0.41662703,17.58665498,4.273732862,5.643002778,0.233252132,1.044117305,1.987151774,68,36,0.037663808,0.692846491,0.5074447,10,0.198564845,0.565737017,0.75,0.805722026,0.25,0,0.4
20,2/8/2020,0.99,0.01,0.0002,0.99,0.01,0.0002,0.941330351,0.113924754,0.0529121,0.772243841,0.234976526,0.240372179,0.86722407,0.59055916,0.45435011,2.413526571,4.643436822,8.310497664,5.218351023,0.430875492,15.38501783,4.686633482,5.247041289,0.336503277,2.335023887,1.23374753,49,36,0.040608193,0.801345833,0.882612022,3,0.19826876,0.516814602,0.75,0.821687046,0.38,0,0.8
258,2/8/2020,0.99,0.01,0.0002,0.99,0.01,0.0002,0.928081083,0.10147195,0.052434746,0.810186356,0.251542255,0.239629198,0.8457258,0.529672023,0.442491191,2.489567382,4.528254736,8.503048079,5.263345836,0.445556056,16.26321038,4.581966485,5.934136032,0.213184255,1.647050665,1.249628696,84,36,0.037160463,0.81364672,0.746118869,10,0.492777778,0.731111111,0.847222222,0.745061671,0.19,0,1
137,2/8/2020,0.99,0.01,0.0002,0.99,0.01,0.0002,0.878331565,0.084807841,0.057379708,0.85166681,0.261546415,0.194618804,0.743795682,0.521491618,0.448630224,2.47177209,4.684132623,8.06069373,6.741557333,0.448123574,17.51864823,3.315334097,7.087808059,0.381932435,1.121416663,1.365872106,31,36,0.040012406,0.678429343,0.85459748,9,0.247855241,0.578718872,0.75,0.71168374,0.23,0,0.4
138,2/8/2020,0.99,0.01,0.0002,0.99,0.01,0.0002,0.85094501,0.081456749,0.056504429,0.875607147,0.265247405,0.229745747,0.86311273,0.524826824,0.43342321,2.280708168,4.327662521,8.91657887,5.240407716,0.443038581,15.76918155,4.373245507,7.789417135,0.266302271,2.011221746,1.065532653,58,36,0.04087335,0.600749632,0.723679653,10,0.243668512,0.471414534,0.75,0.69022331,0.16,0,0.7
139,2/9/2020,0.99,0.01,0.0002,0.99,0.01,0.0002,0.899984597,0.091803165,0.077542603,0.73565374,0.260970117,0.235473465,0.89663338,0.563861222,0.438163,2.137274488,4.375806812,9.659110322,5.007484912,0.432451167,15.23479027,3.673637526,7.775720285,0.267463017,1.854231212,1.174136577,72,36,0.04095818,0.875877194,0.701666816,10,0.48,0.626666667,0.833333333,0.630872848,0.36,0,0.5
573,2/9/2020,0.99,0.01,0.0002,0.99,0.01,0.0002,0.94256409,0.11025935,0.098367787,0.748915308,0.255463226,0.207690653,0.72109012,0.532281812,0.420225095,2.158194096,4.473498896,8.479407939,5.920986023,0.432071366,15.05790605,4.329782741,5.503399938,0.359642467,2.212208036,1.603138423,20,36,0.037408466,0.722704988,0.686884242,4,0.44,0.646666667,0.833333333,0.779749262,0.27,0,0.6
79,2/9/2020,0.99,0.01,0.0002,0.99,0.01,0.0002,0.859240702,0.102464627,0.095593046,0.793894326,0.240165065,0.214555963,0.878661875,0.585294774,0.411222291,2.609838898,4.405328739,8.240244574,6.025223325,0.430530418,15.67870884,4.671344116,6.937986937,0.279653395,2.063749699,1.528157254,100,36,0.038786902,0.704879382,0.655249734,10,0.145111659,0.572765392,0.75,0.743553388,0.44,0,0.8
227,2/9/2020,0.99,0.01,0.0002,0.99,0.01,0.0002,0.906975866,0.099107578,0.051074512,0.799166962,0.255110725,0.184607467,0.71613798,0.546903588,0.4820093,2.001313789,4.545311234,9.001669544,6.844961397,0.412844028,17.0396691,3.507523894,5.883248778,0.285013386,1.252936858,1.290502582,84,36,0.040714017,0.780944627,0.645718858,9,0.163493102,0.543812358,0.75,0.54616423,0.48,0,1
1727,2/9/2020,0.99,0.01,0.0002,0.99,0.01,0.0002,0.884080737,0.109567234,0.092727304,0.800288824,0.245381117,0.192111616,0.809974613,0.520030987,0.406858903,2.38934386,5.097387778,8.960592202,6.173478424,0.420174049,17.0816422,3.207162965,6.65235161,0.397674269,1.147438809,1.532429827,78,36,0.03967316,0.703155562,0.640574015,6,0.393333333,0.653333333,0.833333333,0.738909051,0.15,0,1
206,2/9/2020,0.99,0.01,0.0002,0.99,0.01,0.0002,0.870913464,0.090873545,0.09311118,0.843677357,0.240279463,0.188687577,0.701322203,0.536397264,0.452352597,2.003803801,5.486316321,9.07555901,6.549650463,0.420906022,17.53780013,3.904337264,5.099478677,0.390334907,2.52740915,1.712442381,57,36,0.037679618,0.846993024,0.80232943,10,0.199130554,0.568972107,0.75,0.552630483,0.41,0,0.8
325,2/9/2020,0.99,0.01,0.0002,0.99,0.01,0.0002,0.92398486,0.089143649,0.089935596,0.852058455,0.262391785,0.176283248,0.748713955,0.585756984,0.420591509,2.543878342,4.389439078,9.644020943,6.560319978,0.425824276,15.68576511,3.361035889,7.802066917,0.263245311,1.170112431,1.226619258,38,36,0.038539799,0.848814286,0.767643,6,0.486666667,0.606666667,0.833333333,0.781216785,0.44,0,0.9
136,2/9/2020,0.99,0.01,0.0002,0.99,0.01,0.0002,0.924475687,0.097759448,0.079849472,0.862842553,0.260981291,0.218714549,0.836616057,0.540145043,0.45717663,2.832126529,5.550019218,8.404345937,6.413329469,0.446501161,16.73874289,3.417610248,7.415894761,0.347700251,1.257901546,1.361189669,34,36,0.040609711,0.821918007,0.590677409,10,0.244375083,0.517165468,0.75,0.665502187,0.14,0,0.3
183,2/9/2020,0.99,0.01,0.0002,0.99,0.01,0.0002,0.901910933,0.105609867,0.083642191,0.870196193,0.251150289,0.196158678,0.768040248,0.563820117,0.475425157,3.890921405,5.607047148,9.10317703,5.386940643,0.423478014,15.56965282,3.128680361,7.985241826,0.320132631,1.37082563,1.157429726,72,36,0.038939221,0.61454897,0.727816955,10,0.180290352,0.53196021,0.75,0.755385282,0.45,0,0.9
544,2/9/2020,0.99,0.01,0.0002,0.99,0.01,0.0002,0.922692082,0.085167941,0.083602117,0.877587095,0.24494958,0.170010827,0.738605889,0.553238973,0.471123727,2.03928123,4.081252041,9.459087838,6.474801743,0.410230863,15.56269783,3.401558201,5.626373501,0.362668896,2.479796149,1.765685867,40,36,0.0395188,0.667213514,0.595613905,9,0.171215238,0.453975596,0.75,0.726135197,0.21,0,1
554,2/9/2020,0.99,0.01,0.0002,0.99,0.01,0.0002,0.910026304,0.082202805,0.091117765,0.884289647,0.23831461,0.248159969,0.711326011,0.586495716,0.47936153,3.585877885,5.333974427,8.569293361,5.210792553,0.407378798,15.75379165,3.632466681,6.049604025,0.267458888,1.6248391,1.755904375,79,36,0.038826828,0.715530823,0.646029483,8,0.22839617,0.505073519,0.75,0.857306466,0.26,0,0.6
218,2/9/2020,0.99,0.01,0.0002,0.99,0.01,0.0002,0.890421801,0.105790401,0.060502685,0.88809967,0.24322719,0.176079995,0.762933415,0.528957117,0.486174938,2.553136498,4.142034686,9.333448961,6.362874065,0.447726246,16.7373614,3.404450962,7.621943549,0.260365183,1.882631254,1.252924264,70,36,0.041335244,0.615969024,0.784490558,10,0.393333333,0.706666667,0.833333333,0.718294233,0.23,0,0.3
125,2/9/2020,0.99,0.01,0.0002,0.99,0.01,0.0002,0.916724752,0.116830022,0.099109664,0.888479561,0.241274684,0.245427121,0.836010928,0.540273557,0.423183974,2.985239226,5.599727031,8.636335909,5.534543382,0.428221818,15.12460333,3.021983395,7.113728202,0.289503944,1.479664774,1.637176604,16,36,0.038369785,0.646479643,0.591335138,10,0.105859563,0.532610965,0.75,0.768890417,0.47,0,0.2
74,2/9/2020,0.99,0.01,0.0002,0.99,0.01,0.0002,0.923585809,0.080106632,0.056206915,0.89055885,0.243119388,0.16817946,0.841089815,0.561658386,0.454689234,3.515160988,5.032194649,9.202969613,6.091477555,0.438103873,16.61216193,3.734377715,6.842443158,0.325283137,2.650073433,1.557591387,2,36,0.041641588,0.608114048,0.656745783,9,0.216603424,0.463599457,0.75,0.814945976,0.16,0,0.5
179,2/10/2020,0.99,0.01,0.0002,0.99,0.01,0.0002,0.944951691,0.088627265,0.092381073,0.772390913,0.265279861,0.213432032,0.895149054,0.563497288,0.401309389,2.901974282,5.34452637,9.155436312,6.807006467,0.431248377,16.77897425,4.70900601,6.581009125,0.369333276,2.0355845,1.765656432,43,36,0.038414244,0.86230265,0.622755244,8,0.119595332,0.55142504,0.75,0.841816843,0.28,0,0.4
284,2/10/2020,0.99,0.01,0.0002,0.99,0.01,0.0002,0.915960003,0.099755338,0.085577077,0.870581107,0.236543523,0.227943137,0.820187182,0.502042736,0.402617164,2.061490293,5.747447351,8.908197375,5.587962649,0.40870021,14.98491687,3.203491843,7.919980092,0.223723312,2.731971347,1.78525145,66,36,0.037480496,0.644355199,0.831627808,7,0.212587911,0.502135035,0.75,0.7086048,0.19,0,0.8
168,2/10/2020,0.99,0.01,0.0002,0.99,0.01,0.0002,0.93784751,0.095251607,0.094296521,0.884112823,0.249123913,0.152701292,0.88307656,0.522375728,0.444766142,2.846644802,4.465246033,9.722528268,5.419117541,0.421809665,15.24521063,4.60340986,5.169280759,0.259827356,2.77551023,1.202260233,33,36,0.041348458,0.671944069,0.662810015,7,0.166770756,0.569215956,0.75,0.873495115,0.34,0,1
114,2/11/2020,0.99,0.01,0.0002,0.99,0.01,0.0002,0.866734244,0.117510562,0.067315634,0.734468339,0.253364592,0.208484673,0.814322678,0.565787708,0.470381618,2.073629156,5.941928195,9.410371871,6.529562679,0.408688663,16.93905568,3.520214701,6.59886153,0.337255595,2.761319539,1.831843418,71,36,0.03890725,0.736642138,0.822849731,6,0.147169715,0.503382687,0.75,0.672274372,0.27,0,1
545,2/11/2020,0.99,0.01,0.0002,0.99,0.01,0.0002,0.9431658,0.110954316,0.097961743,0.73924756,0.26876697,0.205925548,0.88381255,0.509346179,0.440966808,2.102166834,5.169671313,9.705405857,5.246287039,0.43796001,15.16502224,4.808648907,5.191144767,0.313819051,2.141571019,1.773955823,71,36,0.038527408,0.74542543,0.889440242,4,0.10053397,0.50520611,0.75,0.826380568,0.38,0,0.4
56,2/11/2020,0.99,0.01,0.0002,0.99,0.01,0.0002,0.870174293,0.104491725,0.075202558,0.86410693,0.262067508,0.220299355,0.734259204,0.518115151,0.402411674,2.195875784,4.317037693,8.367309557,6.13139806,0.429733585,15.82664408,3.35894291,5.187886031,0.351080913,1.434155216,1.993534887,14,36,0.039424867,0.741471267,0.832865149,10,0.221353773,0.46853273,0.75,0.696952388,0.45,0,1
123,2/11/2020,0.99,0.01,0.0002,0.99,0.01,0.0002,0.926946755,0.119663845,0.092618051,0.891227328,0.245712731,0.215500799,0.820825545,0.531985,0.411506892,2.005529644,4.761228215,9.719855324,6.473505193,0.439263435,16.04311658,4.999466449,6.246395979,0.336896523,1.563628627,1.756296899,84,36,0.037514836,0.839410163,0.816056935,9,0.161921059,0.489175488,0.75,0.71064424,0.33,0,0.5
60,2/11/2020,0.99,0.01,0.0002,0.99,0.01,0.0002,0.915286292,0.081858556,0.085673483,0.893255745,0.23069936,0.223060619,0.809231918,0.535074761,0.416149205,2.137840977,5.620120263,9.539916746,5.167171213,0.420181777,14.54510907,3.323876548,7.565928083,0.249409784,1.67015517,1.020622994,94,36,0.041912978,0.801615971,0.832081179,4,0.169470248,0.563831383,0.75,0.66630872,0.3,0,1
11,2/12/2020,0.99,0.01,0.0002,0.99,0.01,0.0002,0.915848658,0.097746498,0.053874841,0.72464735,0.260455629,0.229736347,0.887092029,0.598814443,0.425575293,2.222768683,5.933699768,8.04454887,6.529923776,0.412151659,16.06471467,4.172949898,7.611834891,0.289155771,1.542182342,1.741359302,56,36,0.040469684,0.865663339,0.762210473,7,0.175240625,0.486585119,0.75,0.648180617,0.5,0,0.5
312,2/12/2020,0.99,0.01,0.0002,0.99,0.01,0.0002,0.941594141,0.102271985,0.078141766,0.757759514,0.245600135,0.185490979,0.858999247,0.50840632,0.456052574,2.636175273,4.793606484,9.385135146,6.628690244,0.404563265,16.65157715,4.571499309,5.577990768,0.297486016,2.148903827,1.923487039,37,36,0.039094234,0.657670946,0.559415468,9,0.234106173,0.52121491,0.75,0.861739003,0.37,0,0.9
818,2/12/2020,0.99,0.01,0.0002,0.99,0.01,0.0002,0.922888768,0.099100137,0.050363237,0.80125987,0.248265953,0.211053499,0.840316774,0.561770122,0.467798295,2.544466613,4.150097844,8.590636415,6.652906534,0.441523994,17.12966421,4.499942356,7.51742537,0.380416988,1.607961012,1.303827951,9,36,0.041301468,0.743760324,0.610846089,10,0.242437144,0.552482787,0.75,0.836314599,0.15,0,0.9
196,2/12/2020,0.99,0.01,0.0002,0.99,0.01,0.0002,0.941739718,0.107863234,0.089923835,0.828541426,0.265353766,0.213184466,0.786497508,0.504780418,0.456456512,2.324519257,4.031515715,8.365883763,6.855440119,0.405212241,17.26890756,4.995353646,6.972914949,0.202997842,2.820246905,1.657717964,36,36,0.041765124,0.62984741,0.772257689,8,0.146060427,0.542232266,0.75,0.799921971,0.49,0,0.5
5,2/13/2020,0.99,0.01,0.0002,0.99,0.01,0.0002,0.946267851,0.089672017,0.052574715,0.720572783,0.234843325,0.158819019,0.743952437,0.529031254,0.461700538,2.250210853,5.234654564,8.326189197,6.963869175,0.44021183,17.39224077,3.085562,6.098891675,0.203931371,2.566033499,1.757157093,5,36,0.039866775,0.775500198,0.601683647,8,0.163117417,0.51682542,0.75,0.66446476,0.15,0,0.8
562,2/14/2020,0.99,0.01,0.0002,0.99,0.01,0.0002,0.87344259,0.093416839,0.092186534,0.870531845,0.260627125,0.178415657,0.870962119,0.546259806,0.439735422,2.558465055,4.989580643,8.918651256,6.096344966,0.434609433,16.19213694,4.349853127,5.105159787,0.36831074,2.178422043,1.352936689,23,36,0.039320558,0.623768341,0.665026529,7,0.248941887,0.513271409,0.75,0.896545146,0.24,0,0.9
289,2/15/2020,0.99,0.01,0.0002,0.99,0.01,0.0002,0.901583492,0.110732047,0.070984625,0.70650586,0.236300816,0.238653825,0.798208299,0.581338187,0.464353147,2.504462389,5.753461236,9.914664728,6.404345332,0.424043102,15.45886896,3.258953356,7.334885733,0.224745169,1.920599864,1.011405557,24,36,0.037354285,0.760159394,0.888879525,10,0.187356578,0.542663869,0.75,0.76716996,0.12,0,1
92,2/15/2020,0.99,0.01,0.0002,0.99,0.01,0.0002,0.895064779,0.086777776,0.089755146,0.707844292,0.243623212,0.177201767,0.760986194,0.546465257,0.443981024,2.038837299,5.117051796,8.042343957,5.446374544,0.423457246,15.24043388,3.043517583,6.802537049,0.338642253,1.147585218,1.070416004,63,36,0.041582566,0.668443822,0.893584729,3,0.178569511,0.535778701,0.75,0.801423705,0.42,0,0.9
404,2/15/2020,0.99,0.01,0.0002,0.99,0.01,0.0002,0.917906547,0.119264487,0.098410518,0.714456934,0.251025236,0.206035105,0.891051205,0.523079983,0.408049335,2.851487233,4.174560503,9.58996075,5.742409718,0.447482787,14.90143549,3.018546901,6.343016379,0.291505618,2.835560914,1.174468442,26,36,0.040154349,0.762326533,0.626380998,9,0.210914839,0.559831197,0.75,0.812693736,0.15,0,1
194,2/15/2020,0.99,0.01,0.0002,0.99,0.01,0.0002,0.941020212,0.091047062,0.06016909,0.732719658,0.249642814,0.174736214,0.781731217,0.513233518,0.440853899,2.154409948,4.65931399,9.082198149,5.020216726,0.429174824,15.56067169,4.200781671,6.529448347,0.247702222,1.494274187,1.855169377,78,36,0.04095073,0.700077501,0.646173086,10,0.107396183,0.54655182,0.75,0.623960563,0.16,0,0.5
29,2/15/2020,0.99,0.01,0.0002,0.99,0.01,0.0002,0.905417342,0.084992148,0.080597813,0.735510803,0.249407323,0.206031227,0.744061102,0.563136063,0.475665306,3.104721884,5.264176092,9.993610098,5.66792774,0.424901857,16.52022554,3.798854892,6.891405023,0.369565468,2.064810695,1.032791632,5,36,0.038536697,0.727580293,0.731414463,9,0.163068276,0.498183738,0.75,0.783264279,0.37,0,0.8
321,2/15/2020,0.99,0.01,0.0002,0.99,0.01,0.0002,0.904697345,0.116224466,0.059819504,0.737985461,0.25782868,0.152080559,0.738098271,0.509224214,0.462955622,2.056121571,5.522766793,9.888120459,6.015035774,0.442231624,16.929774,3.961333353,5.738340811,0.236319073,2.724894089,1.550591815,93,36,0.041843017,0.644882096,0.705282991,4,0.162807002,0.554087264,0.75,0.680520303,0.18,0,0.7
210,2/15/2020,0.99,0.01,0.0002,0.99,0.01,0.0002,0.941659383,0.111740959,0.059242601,0.745322021,0.23669889,0.205388122,0.744262072,0.511764586,0.417949474,2.075079661,5.528761819,9.42484316,5.751496311,0.41221377,16.05895373,3.636113897,5.103000306,0.215454784,1.278969989,1.288093647,21,36,0.037372588,0.808705434,0.507791135,7,0.19,0.42,0.75,0.780890555,0.5,0,0.3
73,2/15/2020,0.99,0.01,0.0002,0.99,0.01,0.0002,0.861651866,0.100004474,0.079418528,0.752075969,0.268540796,0.183024826,0.816061003,0.598305024,0.421068746,2.035346025,5.608009996,9.159637912,6.670222424,0.424534809,17.61790661,3.785529238,7.241187209,0.27559574,2.718418222,1.199540965,44,36,0.039884972,0.891149858,0.575187838,6,0.183261711,0.517380637,0.75,0.638823572,0.23,0,0.8
66,2/15/2020,0.99,0.01,0.0002,0.99,0.01,0.0002,0.888629297,0.08959826,0.0588233,0.752222975,0.260983671,0.19659113,0.739577059,0.538488234,0.417652955,2.545625236,5.803101783,8.218183342,6.495061117,0.429273657,16.64600877,4.238491071,5.286035239,0.353249395,2.68651587,1.201019381,75,36,0.038240681,0.770697106,0.675894302,8,0.169901251,0.501144202,0.75,0.718398817,0.29,0,0.4
84,2/15/2020,0.99,0.01,0.0002,0.99,0.01,0.0002,0.901542547,0.087317465,0.081577373,0.756243546,0.239955143,0.225374155,0.84714567,0.588890148,0.403026622,2.071059711,4.985810753,8.549848811,6.724246551,0.427377657,17.39229962,3.971853814,6.628305947,0.388108342,1.324130594,1.541955608,7,36,0.037878305,0.75821087,0.708532816,7,0.09,0.55,0.75,0.77404693,0.19,0,0.7
181,2/15/2020,0.99,0.01,0.0002,0.99,0.01,0.0002,0.908277621,0.11616356,0.056971387,0.762026302,0.244270071,0.228319893,0.83234731,0.586136606,0.481723648,2.454468131,4.189978702,8.738255195,6.797477794,0.425819521,17.20880361,3.755971537,5.232591137,0.370453436,2.382333419,1.113419085,66,36,0.041594415,0.852821941,0.586029598,10,0.2,0.43,0.75,0.782633007,0.2,0,0.4
83,2/15/2020,0.99,0.01,0.0002,0.99,0.01,0.0002,0.91263463,0.111111535,0.096862089,0.762770149,0.258481724,0.175520959,0.742640346,0.525447025,0.434149267,2.032657859,4.432928335,8.524945615,6.487412939,0.422434085,16.09460541,3.574128089,5.748580165,0.322810829,2.93777288,1.340887256,52,36,0.041598384,0.857785285,0.566313515,8,0.106880918,0.517840522,0.75,0.692951295,0.5,0,0.4
51,2/15/2020,0.99,0.01,0.0002,0.99,0.01,0.0002,0.927490788,0.109057732,0.094657329,0.763180923,0.234540197,0.239209563,0.899046659,0.59570736,0.448969867,2.76527677,5.291763443,9.135560261,5.479094595,0.428615914,15.83005136,4.485652098,7.730402833,0.21536455,1.555323934,1.859997085,85,36,0.040953108,0.705330941,0.647872827,8,0.132256256,0.501407731,0.75,0.794127017,0.36,0,0.8
93,2/15/2020,0.99,0.01,0.0002,0.99,0.01,0.0002,0.851778735,0.102299032,0.077470201,0.765201803,0.236741647,0.239322232,0.830075594,0.515951324,0.42805674,2.357149972,4.043677956,8.188902818,6.589061078,0.414432984,16.11050805,3.950073573,7.280410041,0.218550028,2.098884829,1.873071071,53,36,0.040903963,0.700165777,0.773242308,7,0.11,0.51,0.75,0.821551081,0.22,0,0.4
76,2/15/2020,0.99,0.01,0.0002,0.99,0.01,0.0002,0.87578753,0.117657135,0.066439551,0.765501786,0.267510608,0.179703864,0.848831403,0.554946374,0.425698064,2.303830955,5.332628548,8.445740243,5.755773006,0.430663715,16.43263972,4.511544856,5.155597909,0.260783223,1.072255693,1.308096538,32,36,0.04071968,0.739759129,0.637283981,9,0.214933484,0.516993467,0.75,0.774914516,0.49,0,0.9
318,2/15/2020,0.99,0.01,0.0002,0.99,0.01,0.0002,0.909456043,0.118812138,0.085299354,0.770699042,0.266953499,0.188564257,0.77189213,0.515550356,0.436359096,2.233902697,4.446766249,8.010844149,6.804436526,0.418190148,17.35371708,4.179744498,5.574405476,0.209185335,2.437710556,1.409417006,85,36,0.039316878,0.776031627,0.60034003,4,0.106252409,0.47515899,0.75,0.817562365,0.38,0,0.8
98,2/15/2020,0.99,0.01,0.0002,0.99,0.01,0.0002,0.91858516,0.091667901,0.082105928,0.775072838,0.259716563,0.188950803,0.765767207,0.571846756,0.437897467,3.302292064,4.803412284,8.033669247,6.14573322,0.430416953,15.53940627,4.968156039,6.140552576,0.265760952,2.796116578,1.394090551,10,36,0.041670321,0.757775555,0.595738362,6,0.103690195,0.475365131,0.75,0.85559464,0.21,0,1
678,2/15/2020,0.99,0.01,0.0002,0.99,0.01,0.0002,0.879128453,0.116766273,0.073388238,0.77980221,0.258600797,0.199258351,0.845942141,0.519935559,0.406141186,2.815362709,5.715439118,9.241852648,6.255640509,0.447480897,16.17323984,3.499672093,5.809987714,0.24392492,2.149125422,1.124286788,21,36,0.038412517,0.840099938,0.65457608,10,0.1,0.45,0.75,0.81179803,0.24,0,0.2
247,2/15/2020,0.99,0.01,0.0002,0.99,0.01,0.0002,0.905655363,0.09045755,0.065399924,0.785386989,0.233611559,0.207978188,0.716833447,0.535157791,0.481218508,2.041316916,5.212672371,8.855617116,5.439523053,0.432806399,15.08119409,4.302720547,7.273517525,0.243525733,2.370163279,1.84958074,50,36,0.038769626,0.697102931,0.706132373,9,0.09,0.49,0.75,0.679707681,0.36,0,0.2
383,2/15/2020,0.99,0.01,0.0002,0.99,0.01,0.0002,0.911194355,0.087341754,0.053796227,0.787736611,0.23148036,0.217973329,0.874850556,0.555980479,0.438125717,2.509090445,5.943292562,9.467351328,6.759648166,0.437240545,16.51332426,4.704215422,7.267266945,0.345626044,2.262529534,1.408393493,87,36,0.039235645,0.657218352,0.555494122,10,0.231605698,0.465474332,0.75,0.688066677,0.18,0,0.6
72,2/15/2020,0.99,0.01,0.0002,0.99,0.01,0.0002,0.872736043,0.101953177,0.074501355,0.788798221,0.248481212,0.21232063,0.868933349,0.59804389,0.454373636,2.353780128,4.864267948,9.902814099,6.521430683,0.417510759,17.43375185,3.589540515,7.364985965,0.351829202,2.153237493,1.219479856,98,36,0.040265754,0.610729972,0.698028262,6,0.213055853,0.453981235,0.75,0.732355653,0.15,0,0.2
348,2/15/2020,0.99,0.01,0.0002,0.99,0.01,0.0002,0.859342395,0.083236577,0.062608328,0.792148623,0.262891404,0.206618681,0.81345476,0.500861536,0.445814551,2.917531541,4.280835008,9.01188575,5.952856107,0.447745969,15.53760572,3.713942475,5.320202805,0.371773655,1.191415862,1.581174233,77,36,0.040442295,0.725820014,0.562641035,8,0.09,0.55,0.75,0.83648586,0.31,0,0.3
766,2/15/2020,0.99,0.01,0.0002,0.99,0.01,0.0002,0.93949569,0.094275674,0.082511143,0.796398963,0.233394101,0.220902781,0.728195282,0.57336191,0.451170308,2.30145169,4.033098219,8.269428105,5.451378299,0.425791154,14.52428841,3.034034631,5.378567272,0.277442549,2.096634255,1.195756832,16,36,0.040131696,0.803515405,0.820085385,5,0.243114147,0.572175196,0.75,0.851958931,0.11,0,0.2
105,2/15/2020,0.99,0.01,0.0002,0.99,0.01,0.0002,0.882444115,0.083364064,0.076508046,0.803633612,0.239277704,0.209676262,0.797452247,0.599663609,0.403730781,2.548184392,4.016844399,8.914004627,5.839560814,0.402682017,15.89893619,3.218709652,6.125722247,0.206291831,2.549647056,1.002311748,55,36,0.040736957,0.880706738,0.78898378,8,0.175189975,0.504857323,0.75,0.855324566,0.35,0,0.6
307,2/15/2020,0.99,0.01,0.0002,0.99,0.01,0.0002,0.889417904,0.116555161,0.072508055,0.816697844,0.263008939,0.204057476,0.876210974,0.543455607,0.491698812,2.594710471,4.832453403,9.728074902,6.1464749,0.416192875,16.89245364,4.204462133,6.546384176,0.261309305,2.712055603,1.833421428,36,36,0.038944314,0.711467348,0.524256596,10,0.121244275,0.507894725,0.75,0.87731934,0.28,0,0.8
477,2/15/2020,0.99,0.01,0.0002,0.99,0.01,0.0002,0.92586622,0.110668637,0.095578151,0.819591384,0.23472007,0.237151322,0.875513316,0.597643436,0.411971125,2.107148258,4.426770416,8.483536192,5.504066612,0.447542248,16.09850906,4.637599429,5.615690115,0.247472315,2.50866788,1.638142029,23,36,0.040873057,0.899588153,0.538202892,6,0.229586974,0.460130011,0.75,0.775380902,0.11,0,0.5
668,2/15/2020,0.99,0.01,0.0002,0.99,0.01,0.0002,0.923457729,0.107433246,0.098660642,0.836644181,0.232229838,0.17713826,0.805467198,0.507514079,0.417194219,2.473384535,4.24200267,9.338361842,5.519353592,0.425346891,15.20523865,3.815998894,5.186438718,0.366054417,1.056748198,1.076789085,65,36,0.041368367,0.764582299,0.534979943,9,0.244295918,0.479191738,0.75,0.85869178,0.48,0,0.8
102,2/15/2020,0.99,0.01,0.0002,0.99,0.01,0.0002,0.855492671,0.089661557,0.098902783,0.848283924,0.264291439,0.15058713,0.888769012,0.546140819,0.4525613,2.14609962,5.700367184,9.937974575,5.502710931,0.417177302,16.01136126,4.688626044,7.839017327,0.345198,2.247838617,1.846991162,33,36,0.040023846,0.761407141,0.713486734,9,0.204993461,0.518320946,0.75,0.701319411,0.33,0,0.4
824,2/15/2020,0.99,0.01,0.0002,0.99,0.01,0.0002,0.91817273,0.113328687,0.068038125,0.854658345,0.2687766,0.229544146,0.865755347,0.594862364,0.417316069,2.273780577,4.05852073,8.074881283,5.081702325,0.437321087,15.1114416,3.070624769,5.084881588,0.226870229,2.295275678,1.408395628,89,36,0.037241992,0.680956396,0.807496432,8,0.234852379,0.491443081,0.75,0.896278361,0.47,0,0.7
144,2/15/2020,0.99,0.01,0.0002,0.99,0.01,0.0002,0.89550425,0.095303083,0.073831564,0.856649686,0.237311094,0.176317698,0.868022231,0.525090908,0.440558814,2.229137463,4.384938094,9.382338448,6.58379861,0.442381539,16.84063061,4.527296226,7.627055237,0.341739685,1.354759781,1.61613243,5,36,0.040313001,0.849047289,0.782254382,7,0.129907017,0.497214995,0.75,0.772628261,0.11,0,0.7
330,2/15/2020,0.99,0.01,0.0002,0.99,0.01,0.0002,0.860025619,0.100715913,0.085831647,0.85733205,0.253952808,0.249049237,0.768873338,0.529011002,0.452731307,3.00502332,5.83010638,8.149058256,5.928975301,0.434066784,15.13473874,4.489026123,6.650333475,0.262921937,1.441585339,1.248820878,17,36,0.040219806,0.720716887,0.651176005,9,0.179583203,0.558729363,0.75,0.707652507,0.19,0,1
294,2/15/2020,0.99,0.01,0.0002,0.99,0.01,0.0002,0.915608074,0.097293654,0.057380261,0.867839089,0.246154981,0.175203845,0.868639093,0.594681272,0.484745107,2.020786484,5.212284848,9.034028153,5.750135729,0.432916617,16.40840633,4.387378813,6.126885308,0.383259767,1.748753453,1.460871352,15,36,0.041571123,0.661842662,0.882071004,2,0.248091556,0.514622956,0.75,0.872496272,0.18,0,1
309,2/15/2020,0.99,0.01,0.0002,0.99,0.01,0.0002,0.911477426,0.109740989,0.086885971,0.870504293,0.25952811,0.177950273,0.84719436,0.54340892,0.438659068,2.066841435,4.569645036,9.852995972,5.664753199,0.435273828,16.03091424,3.60734864,6.572639393,0.222638213,1.363425299,1.302114416,76,36,0.037912907,0.620914387,0.560648831,10,0.197812788,0.528193405,0.75,0.825113284,0.16,0,0.4
220,2/15/2020,0.99,0.01,0.0002,0.99,0.01,0.0002,0.92255649,0.085566526,0.065505343,0.876128218,0.257362808,0.190142091,0.765103521,0.502198341,0.451129068,2.714629944,4.895631597,8.409129899,6.105584127,0.442888138,16.94507703,3.068444527,6.945018629,0.377715563,2.537704707,1.455111084,98,36,0.041327327,0.656077243,0.717960127,6,0.139109199,0.48684938,0.75,0.88731132,0.2,0,1
375,2/15/2020,0.99,0.01,0.0002,0.99,0.01,0.0002,0.91088015,0.105632742,0.077194328,0.878241336,0.235618049,0.207342395,0.784797657,0.544611224,0.495672917,2.597312936,4.798365672,8.918855073,6.385422237,0.425321463,15.73814934,3.699081625,6.540472663,0.318080509,1.712055256,1.973380739,67,36,0.037108146,0.792524591,0.816715585,10,0.152857309,0.54946138,0.75,0.885202808,0.31,0,1
101,2/15/2020,0.99,0.01,0.0002,0.99,0.01,0.0002,0.945694172,0.119016696,0.078595838,0.883608264,0.248992968,0.231994795,0.806874225,0.515651874,0.45610858,2.149733896,4.980184114,8.29421079,5.675152384,0.437134751,16.53610344,4.943390977,6.901303601,0.371444496,2.237500564,1.487540125,23,36,0.039792486,0.77804935,0.684149714,9,0.155063732,0.453235306,0.75,0.690529016,0.21,0,0.3
36,2/15/2020,0.99,0.01,0.0002,0.99,0.01,0.0002,0.908012507,0.085159078,0.064809605,0.88543338,0.230272774,0.151666773,0.863457259,0.521271385,0.493324037,3.150952254,5.623301959,8.484052127,6.646576245,0.416808732,15.64748085,3.631446497,5.551138159,0.344532316,1.283339971,1.534910823,14,36,0.040721881,0.869726584,0.576236488,6,0.116560046,0.474885452,0.75,0.860612012,0.26,0,0.6
402,2/15/2020,0.99,0.01,0.0002,0.99,0.01,0.0002,0.910797231,0.110981702,0.072385322,0.886111273,0.249624624,0.195052516,0.791433747,0.51209116,0.454030721,2.611462576,5.706311803,8.29019172,5.977093364,0.400496518,16.04788328,3.168502691,5.84068221,0.287442994,1.697986609,1.775470232,73,36,0.039686472,0.675489142,0.853178563,10,0.235477301,0.527934036,0.75,0.753252659,0.12,0,0.8
14,2/17/2020,0.99,0.01,0.0002,0.99,0.01,0.0002,0.906197946,0.091740414,0.076110719,0.876838377,0.232970679,0.193585664,0.729616866,0.583972511,0.450178956,2.590717936,5.746259933,9.57060331,5.737635016,0.410387501,14.78683787,4.410979487,5.616646874,0.340883483,2.125969714,1.112696555,67,36,0.039705559,0.652614149,0.571745117,8,0.238275295,0.513089624,0.75,0.890295196,0.4,0,0.4
