key,startDate,AG04AsymptomaticRate,AG04HospRate,AG04MortalityRate,AG517AsymptomaticRate,AG517HospRate,AG517MortalityRate,AG1849AsymptomaticRate,AG1849HospRate,AG1849MortalityRate,AG5064AsymptomaticRate,AG5064HospRate,AG5064MortalityRate,AG65AsymptomaticRate,AG65HospRate,AG65MortalityRate,IncubationTime,mildContagiousTime,symptomaticTime,hospitalSymptomaticTime,ICURate,ICUtime,PostICUTime,preHospTime,EDVisit,preContagiousTime,postContagiousTime,NumInfStart,householdcontactRate,ProbabilityOfTransmissionPerContact,symptomaticContactRateReduction,hospitalSymptomaticContactRateReduction,ImportationRate,InterventionRate,InterventionRateLow,InterventionMobilityEffect,AsymptomaticReducationTrans
100,2/28/2020,0.99,0.01,0.0002,0.99,0.01,0.0002,0.911662031,0.115681259,0.08605297,0.875578802,0.255232652,0.201485672,0.766350094,0.591991275,0.452342289,2.213200666,4.122442899,9.909357851,6.327020549,0.423054767,15.1207902,4.599156369,7.234952943,0.294624133,1.870466907,1.781931412,25,36,0.037626373,0.675842364,0.791021875,8,0.21,0.48,0.88,0.808296726
92,2/27/2020,0.99,0.01,0.0002,0.99,0.01,0.0002,0.915754417,0.117006433,0.072782367,0.837356239,0.245692127,0.154593311,0.795469704,0.552525581,0.427361962,2.33496126,4.581718671,8.660785259,6.868179501,0.442707062,9.887074151,4.242053611,5.072820859,0.349786552,2.843748711,1.435693554,13,36,0.039066893,0.695296516,0.59891394,7,0.24,0.48,0.77,0.81209691
150,2/14/2020,0.99,0.01,0.0002,0.99,0.01,0.0002,0.896557661,0.115681259,0.084291662,0.851636997,0.23965763,0.154593311,0.71092005,0.568202079,0.408298812,3.181667089,4.62091792,8.522890038,5.497958601,0.406868374,16.54607567,4.252754694,5.635357314,0.349786552,1.795963144,1.460312432,56,36,0.039066893,0.658402873,0.5666476,10,0.37,0.44,0.83,0.791190901
41,2/28/2020,0.99,0.01,0.0002,0.99,0.01,0.0002,0.911662031,0.117006433,0.08832941,0.764752538,0.26037392,0.160520598,0.719273784,0.588688416,0.472788397,2.33496126,4.122442899,8.464685039,6.233461401,0.425276924,9.528832374,4.242053611,7.011662483,0.305743978,1.730039634,1.781931412,13,36,0.039001341,0.673353596,0.713900445,8,0.31,0.58,0.83,0.67055313
1,2/28/2020,0.99,0.01,0.0002,0.99,0.01,0.0002,0.866099225,0.115681259,0.070746924,0.845263554,0.260590415,0.160520598,0.766350094,0.599531386,0.497774273,2.975329779,5.844131553,8.35829491,5.497958601,0.421235194,16.54607567,4.599156369,6.757908201,0.294624133,1.795963144,1.21494339,25,36,0.039001341,0.658402873,0.740966155,4,0.1,0.46,0.82,0.870944974
251,2/5/2020,0.99,0.01,0.0002,0.99,0.01,0.0002,0.911662031,0.080552927,0.093749865,0.837356239,0.248276145,0.160520598,0.782805528,0.58324296,0.476349316,2.87223928,4.910075395,8.480200157,5.60861736,0.42144096,15.1207902,4.900786918,7.787964028,0.356156138,1.942010244,1.778918172,91,36,0.039687939,0.663083225,0.525785321,4,0.32,0.46,0.81,0.860923447
417,2/28/2020,0.99,0.01,0.0002,0.99,0.01,0.0002,0.896557661,0.09916086,0.053681591,0.737666026,0.256323907,0.154593311,0.719273784,0.588688416,0.465916067,3.771300537,4.662246907,8.660785259,5.991144692,0.442871798,10.69077827,3.757245241,5.373789185,0.242880268,2.843748711,1.210199089,78,36,0.039066893,0.663083225,0.5666476,9,0.28,0.48,0.83,0.888622454
112,2/28/2020,0.99,0.01,0.0002,0.99,0.01,0.0002,0.8861598,0.090245059,0.061989754,0.836057294,0.267171597,0.160520598,0.782805528,0.599531386,0.496856023,2.87223928,4.910075395,8.35829491,5.497958601,0.428476715,9.307157885,4.968547456,5.750474802,0.356156138,1.942010244,1.778918172,65,36,0.039206936,0.663083225,0.793295831,7,0.31,0.41,0.77,0.860923447
489,2/24/2020,0.99,0.01,0.0002,0.99,0.01,0.0002,0.911662031,0.117006433,0.053696497,0.881057376,0.231335789,0.196518437,0.719273784,0.559990658,0.475025012,2.887957718,4.662246907,9.274622197,6.224968946,0.419644852,10.53127353,4.599156369,7.69312154,0.270057075,1.795963144,1.781931412,13,36,0.03973681,0.673353596,0.713900445,5,0.31,0.41,0.83,0.808296726
242,2/5/2020,0.99,0.01,0.0002,0.99,0.01,0.0002,0.866702712,0.090977819,0.05761994,0.777153395,0.263312627,0.249588157,0.82289329,0.563743496,0.465536582,3.023246717,5.280794056,8.104289863,5.308741039,0.443405985,10.63278555,4.627053934,7.841599905,0.270057075,1.795963144,1.435693554,76,36,0.039206936,0.632675899,0.729069635,4,0.37,0.41,0.74,0.838655616
244,2/28/2020,0.99,0.01,0.0002,0.99,0.01,0.0002,0.864055852,0.099519138,0.060468137,0.764752538,0.255232652,0.248032583,0.766350094,0.515869283,0.436125032,3.482052183,4.893479712,8.480200157,5.497958601,0.442871798,10.69077827,4.211127925,7.69312154,0.244268967,2.050394597,1.781931412,13,36,0.03734065,0.658402873,0.800638852,9,0.38,0.41,0.77,0.854568321
237,2/28/2020,0.99,0.01,0.0002,0.99,0.01,0.0002,0.896557661,0.089692909,0.094059252,0.764752538,0.260004699,0.223347714,0.719273784,0.568232177,0.465536582,2.151459395,5.051686759,8.900275766,6.868179501,0.443845557,17.11899123,4.211127925,7.841599905,0.269965598,2.84844894,1.520234895,25,36,0.03734065,0.673353596,0.70186657,9,0.24,0.63,0.9,0.600259852
319,2/28/2020,0.99,0.01,0.0002,0.99,0.01,0.0002,0.884934885,0.117006433,0.073807676,0.811974383,0.230113796,0.249588157,0.766350094,0.501880602,0.492265785,2.803464059,5.051686759,8.522890038,6.76229964,0.442707062,16.32421491,4.599156369,5.31432029,0.294624133,2.423663221,1.778918172,13,36,0.039066893,0.85590206,0.713900445,9,0.31,0.58,0.83,0.67055313
134,2/28/2020,0.99,0.01,0.0002,0.99,0.01,0.0002,0.93345038,0.099519138,0.053681591,0.836057294,0.256323907,0.160520598,0.782805528,0.562956873,0.465536582,3.482052183,4.662246907,8.660785259,5.308741039,0.418990904,9.528832374,3.519622042,5.373789185,0.270057075,2.843748711,1.210199089,76,36,0.039687939,0.702809716,0.676591207,7,0.37,0.48,0.73,0.888622454
47,2/6/2020,0.99,0.01,0.0002,0.99,0.01,0.0002,0.866099225,0.117006433,0.086539667,0.764752538,0.260590415,0.154593311,0.769686417,0.588688416,0.427361962,2.992845263,4.662246907,9.801670999,6.601644878,0.415829641,10.2149707,4.627053934,5.373789185,0.270057075,1.795963144,1.781931412,13,36,0.039206936,0.85590206,0.525785321,4,0.24,0.59,0.83,0.808296726
144,2/28/2020,0.99,0.01,0.0002,0.99,0.01,0.0002,0.896557661,0.117006433,0.094508535,0.779643486,0.256323907,0.249588157,0.70311865,0.588688416,0.496856023,3.482052183,4.662246907,8.522890038,5.497958601,0.443405985,10.69077827,4.242053611,5.373789185,0.242880268,1.870466907,1.460312432,76,36,0.038495936,0.632675899,0.525785321,9,0.28,0.61,0.83,0.808296726
250,2/5/2020,0.99,0.01,0.0002,0.99,0.01,0.0002,0.8861598,0.080552927,0.093749865,0.836057294,0.267171597,0.17886182,0.782805528,0.58324296,0.476349316,2.87223928,4.662246907,8.480200157,5.60861736,0.443405985,15.1207902,4.900786918,5.750474802,0.349786552,1.942010244,1.520234895,91,36,0.039687939,0.663083225,0.525785321,7,0.31,0.46,0.81,0.860923447
186,2/22/2020,0.99,0.01,0.0002,0.99,0.01,0.0002,0.864055852,0.105194071,0.061989754,0.704129031,0.236651333,0.249588157,0.877061719,0.579112042,0.452342289,2.094660557,5.93618316,8.522890038,5.308741039,0.428476715,15.1207902,4.211127925,6.537252306,0.20879228,1.870466907,1.781931412,78,36,0.038495936,0.658402873,0.525785321,4,0.32,0.63,0.9,0.601538558
0,2/22/2020,0.99,0.01,0.0002,0.99,0.01,0.0002,0.864055852,0.115681259,0.061989754,0.845263554,0.260590415,0.208389325,0.788732906,0.501880602,0.427361962,3.300093643,5.844131553,8.522890038,5.497958601,0.421235194,16.54607567,4.599156369,6.757908201,0.294624133,1.795963144,1.781931412,25,36,0.039206936,0.658402873,0.525785321,4,0.1,0.63,0.77,0.870944974
203,2/22/2020,0.99,0.01,0.0002,0.99,0.01,0.0002,0.864055852,0.115681259,0.091081712,0.764752538,0.239088016,0.249588157,0.877061719,0.501880602,0.497774273,3.482052183,5.844131553,8.35829491,5.497958601,0.423054767,16.32421491,4.242053611,6.537252306,0.305743978,1.795963144,1.435693554,25,36,0.039001341,0.85590206,0.5666476,4,0.32,0.46,0.76,0.870944974
276,2/28/2020,0.99,0.01,0.0002,0.99,0.01,0.0002,0.896557661,0.117006433,0.08605297,0.737666026,0.255232652,0.208193656,0.766350094,0.588688416,0.447170898,3.61806033,4.662246907,8.522890038,5.60861736,0.423054767,15.1207902,3.757245241,5.373789185,0.294624133,1.870466907,1.460312432,25,36,0.039066893,0.632675899,0.525785321,9,0.16,0.61,0.88,0.808296726
22,2/28/2020,0.99,0.01,0.0002,0.99,0.01,0.0002,0.911662031,0.117006433,0.059914231,0.851357529,0.260590415,0.196518437,0.766350094,0.599531386,0.475025012,3.482052183,4.662246907,8.733295585,5.497958601,0.411415126,16.32421491,4.599156369,5.373789185,0.270057075,2.84844894,1.460312432,13,36,0.03973681,0.85590206,0.5666476,7,0.31,0.47,0.83,0.808296726
245,2/28/2020,0.99,0.01,0.0002,0.99,0.01,0.0002,0.864055852,0.103882962,0.073807676,0.764752538,0.255232652,0.17886182,0.877061719,0.501880602,0.436125032,3.482052183,4.893479712,8.480200157,5.497958601,0.423054767,10.69077827,3.699338813,7.31331109,0.244268967,2.050394597,1.520234895,13,36,0.03734065,0.604171441,0.665965102,9,0.31,0.48,0.77,0.870944974
255,2/3/2020,0.99,0.01,0.0002,0.99,0.01,0.0002,0.911662031,0.113488707,0.093749865,0.875578802,0.23965763,0.17886182,0.719273784,0.58324296,0.476349316,3.310169117,5.871055422,8.522890038,5.60861736,0.42144096,16.54607567,4.211127925,6.556272898,0.294624133,2.545320456,1.520234895,56,36,0.038495936,0.658402873,0.525785321,10,0.09,0.58,0.83,0.791190901
219,2/24/2020,0.99,0.01,0.0002,0.99,0.01,0.0002,0.896557661,0.101422444,0.063157595,0.704129031,0.254050352,0.178784486,0.766350094,0.501822333,0.465536582,2.151459395,5.120392268,8.464685039,5.308741039,0.418990904,16.54607567,4.815347693,7.841599905,0.20879228,2.423663221,1.460312432,13,36,0.038495936,0.673353596,0.525785321,6,0.31,0.63,0.9,0.601538558
337,2/22/2020,0.99,0.01,0.0002,0.99,0.01,0.0002,0.864055852,0.117006433,0.086539667,0.764752538,0.239088016,0.196518437,0.766350094,0.588688416,0.475025012,3.300093643,4.662246907,8.35829491,6.868179501,0.421235194,16.54607567,4.599156369,6.537252306,0.294624133,1.795963144,1.781931412,76,36,0.039001341,0.658402873,0.795554784,10,0.35,0.46,0.77,0.808296726
84,2/28/2020,0.99,0.01,0.0002,0.99,0.01,0.0002,0.85442185,0.091505429,0.08259324,0.779240962,0.260590415,0.160520598,0.719273784,0.599531386,0.436998453,3.771300537,4.122941459,8.685702048,5.308741039,0.405166711,9.528832374,4.627053934,5.322376627,0.242880268,1.870466907,1.460312432,78,36,0.039066893,0.871303199,0.635423906,9,0.18,0.64,0.83,0.80107816
261,2/3/2020,0.99,0.01,0.0002,0.99,0.01,0.0002,0.896557661,0.116558374,0.084291662,0.737666026,0.231335789,0.17886182,0.71092005,0.568202079,0.465536582,3.405107365,4.893479712,8.685702048,6.868179501,0.442871798,16.54607567,4.252754694,7.31331109,0.294624133,1.795963144,1.425737098,13,36,0.03734065,0.658402873,0.697350009,7,0.38,0.58,0.83,0.791190901
93,2/25/2020,0.99,0.01,0.0002,0.99,0.01,0.0002,0.915754417,0.099519138,0.072782367,0.744577852,0.245692127,0.163106195,0.872823768,0.561929613,0.413131371,2.213200666,4.581718671,9.472625295,6.868179501,0.442707062,9.993951834,4.242053611,7.234952943,0.242880268,2.843748711,1.778918172,76,36,0.039066893,0.695296516,0.59891394,7,0.31,0.48,0.77,0.81209691
23,2/22/2020,0.99,0.01,0.0002,0.99,0.01,0.0002,0.911662031,0.117006433,0.060468137,0.764752538,0.263377121,0.210247251,0.766350094,0.588688416,0.472788397,3.482052183,4.662246907,8.660785259,6.868179501,0.411415126,16.32421491,4.599156369,5.373789185,0.270057075,2.84844894,1.460312432,13,36,0.037626373,0.85590206,0.5666476,7,0.31,0.47,0.71,0.808296726
78,2/22/2020,0.99,0.01,0.0002,0.99,0.01,0.0002,0.896557661,0.091505429,0.08259324,0.779240962,0.260590415,0.249588157,0.719273784,0.543274597,0.44915925,2.151459395,4.581718671,8.522890038,5.308741039,0.42144096,9.535225948,3.202499161,5.322376627,0.356156138,1.870466907,1.460312432,76,36,0.039066893,0.663083225,0.712486283,9,0.31,0.64,0.83,0.602002003
336,2/22/2020,0.99,0.01,0.0002,0.99,0.01,0.0002,0.911662031,0.117006433,0.061989754,0.845263554,0.260590415,0.160520598,0.766350094,0.541986451,0.475025012,3.482052183,4.662246907,9.822900827,5.497958601,0.431870127,16.54607567,4.599156369,5.373789185,0.270057075,1.795963144,1.21494339,13,36,0.03973681,0.85590206,0.740966155,4,0.35,0.64,0.83,0.808296726
279,2/28/2020,0.99,0.01,0.0002,0.99,0.01,0.0002,0.864055852,0.112076648,0.083480291,0.777153395,0.233260781,0.193012913,0.788732906,0.504104218,0.426291963,3.181667089,5.120392268,8.456195743,6.693141569,0.442871798,15.73056875,4.599156369,7.011662483,0.269965598,2.84844894,1.927196229,91,36,0.03734065,0.87148081,0.799465392,6,0.37,0.41,0.9,0.879376641
329,2/20/2020,0.99,0.01,0.0002,0.99,0.01,0.0002,0.911662031,0.085169554,0.056337058,0.744747792,0.231335789,0.17886182,0.788732906,0.591991275,0.436998453,2.33496126,5.667924477,8.556574402,5.308741039,0.442707062,9.34566051,4.000859281,6.486208198,0.244268967,1.141896044,1.778918172,57,36,0.03734065,0.675842364,0.524555466,7,0.31,0.65,0.73,0.586305343
63,2/3/2020,0.99,0.01,0.0002,0.99,0.01,0.0002,0.915568577,0.117006433,0.084291662,0.875578802,0.23965763,0.218972024,0.758806277,0.568202079,0.472788397,3.451188522,4.122442899,8.522890038,5.497958601,0.448470255,9.528832374,4.252754694,6.556272898,0.294624133,1.795963144,1.425737098,56,36,0.039066893,0.729510497,0.697350009,10,0.38,0.58,0.8,0.808296726
135,2/28/2020,0.99,0.01,0.0002,0.99,0.01,0.0002,0.884934885,0.115681259,0.084291662,0.764752538,0.256323907,0.160520598,0.70311865,0.552525581,0.465916067,2.213200666,4.662246907,9.472625295,5.308741039,0.418990904,10.73088593,4.900786918,5.750474802,0.269965598,2.843748711,1.778918172,76,36,0.038495936,0.663083225,0.5666476,7,0.37,0.48,0.72,0.620601658
25,2/18/2020,0.99,0.01,0.0002,0.99,0.01,0.0002,0.85442185,0.101297552,0.093749865,0.76441852,0.248276145,0.17886182,0.719273784,0.58324296,0.476349316,2.87223928,4.662246907,8.685702048,5.308741039,0.42144096,15.1207902,4.211127925,7.787964028,0.349786552,1.191193423,1.210199089,78,36,0.039206936,0.871303199,0.635423906,7,0.32,0.46,0.83,0.80107816
460,2/28/2020,0.99,0.01,0.0002,0.99,0.01,0.0002,0.8861598,0.101297552,0.092387787,0.875578802,0.23965763,0.238416258,0.719273784,0.559990658,0.496856023,2.33496126,4.910075395,8.480200157,5.308741039,0.443405985,9.307157885,4.900786918,5.750474802,0.269950265,1.870466907,1.781931412,78,36,0.038981443,0.663083225,0.793295831,7,0.32,0.41,0.77,0.860923447
294,2/28/2020,0.99,0.01,0.0002,0.99,0.01,0.0002,0.911662031,0.080552927,0.063157595,0.837356239,0.233260781,0.17886182,0.719273784,0.501822333,0.476349316,2.151459395,5.882210018,8.464685039,5.308741039,0.442871798,15.1207902,4.046831013,7.841599905,0.349786552,1.351708991,1.520234895,13,36,0.038495936,0.663083225,0.712486283,9,0.32,0.4,0.86,0.601538558
448,2/28/2020,0.99,0.01,0.0002,0.99,0.01,0.0002,0.866099225,0.090245059,0.08259324,0.836057294,0.233260781,0.249588157,0.782805528,0.573507285,0.427361962,2.33496126,4.945154887,9.589636962,6.330085416,0.433286516,9.941313925,3.355011946,6.507585711,0.270057075,1.870466907,1.778918172,57,36,0.039206936,0.663083225,0.665965102,4,0.38,0.61,0.8,0.645493971
62,2/3/2020,0.99,0.01,0.0002,0.99,0.01,0.0002,0.939783013,0.117006433,0.084291662,0.764752538,0.23965763,0.218972024,0.874808853,0.568202079,0.488105183,3.482052183,5.871055422,8.522890038,6.145134961,0.448470255,9.528832374,4.599156369,7.570657649,0.32680768,1.795963144,1.425737098,56,36,0.039066893,0.729510497,0.5666476,10,0.09,0.47,0.8,0.808296726
497,2/28/2020,0.99,0.01,0.0002,0.99,0.01,0.0002,0.864055852,0.117006433,0.060468137,0.764752538,0.23573033,0.249588157,0.877061719,0.559990658,0.466849043,2.151459395,4.910075395,8.660785259,6.449834951,0.423054767,16.32421491,4.652420652,6.537252306,0.305743978,1.279899099,1.778918172,25,36,0.037626373,0.867391752,0.5666476,3,0.16,0.59,0.88,0.870944974
6,2/16/2020,0.99,0.01,0.0002,0.99,0.01,0.0002,0.864055852,0.089692909,0.05761994,0.887849827,0.263312627,0.17886182,0.719273784,0.563743496,0.465536582,3.013865152,5.305727796,8.104289863,5.308741039,0.435920294,16.54607567,3.898134036,7.69312154,0.270057075,1.795963144,1.460312432,68,36,0.039206936,0.658402873,0.80430164,9,0.27,0.41,0.74,0.880893538
356,2/3/2020,0.99,0.01,0.0002,0.99,0.01,0.0002,0.911662031,0.117006433,0.061989754,0.764752538,0.231335789,0.197208744,0.877450107,0.557764776,0.496856023,2.436781108,5.120392268,8.480200157,5.497958601,0.436751609,10.48819769,4.627053934,7.841599905,0.244268967,1.942010244,1.334272427,25,36,0.038495936,0.777690017,0.70186657,1,0.31,0.55,0.82,0.808296726
199,2/28/2020,0.99,0.01,0.0002,0.99,0.01,0.0002,0.896557661,0.099519138,0.062774761,0.707294543,0.233260781,0.178784486,0.838522985,0.515869283,0.465536582,2.151459395,5.811996489,8.660785259,5.469030864,0.413833515,15.1207902,4.211127925,5.322376627,0.20879228,2.84844894,1.460312432,68,36,0.039206936,0.673353596,0.525785321,9,0.24,0.4,0.81,0.600259852
64,2/27/2020,0.99,0.01,0.0002,0.99,0.01,0.0002,0.896557661,0.115681259,0.089748052,0.737666026,0.245692127,0.249588157,0.719273784,0.588688416,0.413131371,2.213200666,4.945154887,8.522890038,5.60861736,0.442871798,9.993951834,3.757245241,5.072820859,0.349786552,2.843748711,1.778918172,13,36,0.039066893,0.753519745,0.525785321,7,0.31,0.4,0.77,0.620601658
504,2/5/2020,0.99,0.01,0.0002,0.99,0.01,0.0002,0.911662031,0.089692909,0.061989754,0.777153395,0.253419114,0.248032583,0.719273784,0.599531386,0.465536582,3.928295993,4.077828433,8.233655863,5.66945442,0.448470255,9.318887825,3.669863288,7.429360995,0.270057075,1.351708991,1.460312432,83,36,0.039206936,0.717317216,0.727022455,9,0.31,0.65,0.73,0.762710737
372,2/14/2020,0.99,0.01,0.0002,0.99,0.01,0.0002,0.896557661,0.101422444,0.083480291,0.704129031,0.256323907,0.242316515,0.70311865,0.588688416,0.436998453,3.968985262,5.120392268,8.833590334,5.991144692,0.442871798,16.54607567,4.599156369,5.373789185,0.269965598,2.423663221,1.460312432,13,36,0.038495936,0.673353596,0.525785321,9,0.37,0.63,0.9,0.601538558
202,2/22/2020,0.99,0.01,0.0002,0.99,0.01,0.0002,0.864055852,0.099841987,0.070681093,0.764752538,0.23573033,0.249588157,0.766350094,0.599531386,0.452342289,3.300093643,4.910075395,8.35829491,5.497958601,0.423054767,16.54607567,4.599156369,6.537252306,0.305743978,1.279899099,1.435693554,25,36,0.037626373,0.85590206,0.5666476,3,0.35,0.46,0.77,0.870944974
240,2/3/2020,0.99,0.01,0.0002,0.99,0.01,0.0002,0.85442185,0.099519138,0.072782367,0.764752538,0.233260781,0.160520598,0.782805528,0.599531386,0.465536582,3.013865152,4.911453143,8.079043465,5.323498435,0.404532416,10.73088593,4.211127925,5.322376627,0.294624133,2.84844894,1.210199089,78,36,0.039206936,0.658402873,0.87470857,7,0.24,0.41,0.83,0.80107816
195,2/5/2020,0.99,0.01,0.0002,0.99,0.01,0.0002,0.864055852,0.101297552,0.056000386,0.746564396,0.260004699,0.160520598,0.782805528,0.599531386,0.496856023,3.181667089,4.910075395,8.480200157,6.096212275,0.413833515,9.307157885,3.193422606,7.841599905,0.356156138,2.84844894,1.778918172,76,36,0.039687939,0.663083225,0.793295831,3,0.35,0.41,0.9,0.860923447
189,2/16/2020,0.99,0.01,0.0002,0.99,0.01,0.0002,0.866702712,0.090977819,0.05761994,0.704129031,0.263312627,0.17886182,0.719273784,0.563743496,0.449379292,3.482052183,5.120392268,8.104289863,5.60861736,0.42144096,16.54607567,3.669863288,7.841599905,0.349786552,1.795963144,1.520234895,76,36,0.038495936,0.658402873,0.635423906,6,0.28,0.41,0.83,0.762710737
437,2/28/2020,0.99,0.01,0.0002,0.99,0.01,0.0002,0.8861598,0.101297552,0.092387787,0.779240962,0.260590415,0.160520598,0.719273784,0.552525581,0.44915925,3.771300537,4.910075395,8.522890038,5.89654401,0.405166711,9.528832374,4.627053934,5.750474802,0.356156138,1.870466907,1.778918172,78,36,0.039687939,0.677124806,0.793295831,9,0.18,0.41,0.83,0.860923447
232,2/28/2020,0.99,0.01,0.0002,0.99,0.01,0.0002,0.896557661,0.115681259,0.061989754,0.875578802,0.23965763,0.249588157,0.713702198,0.501880602,0.436998453,3.107627866,5.120392268,8.456195743,5.17680579,0.442871798,10.48819769,4.657928891,6.211209826,0.269965598,2.84844894,1.460312432,13,36,0.039206936,0.778242607,0.635423906,4,0.2,0.45,0.9,0.808296726
488,2/22/2020,0.99,0.01,0.0002,0.99,0.01,0.0002,0.911662031,0.097403786,0.086539667,0.858563843,0.231335789,0.196518437,0.719273784,0.588688416,0.426291963,2.887957718,4.662246907,8.660785259,6.224968946,0.419644852,10.53127353,3.757245241,7.69312154,0.270057075,1.795963144,1.781931412,56,36,0.03973681,0.673353596,0.846232178,5,0.21,0.41,0.74,0.808296726
107,2/1/2020,0.99,0.01,0.0002,0.99,0.01,0.0002,0.866099225,0.115681259,0.08259324,0.764752538,0.26671743,0.193012913,0.795469704,0.599531386,0.492265785,3.023246717,5.120392268,8.233655863,5.746030243,0.443405985,10.63278555,4.627053934,5.373789185,0.269950265,1.870466907,1.927196229,91,36,0.03734065,0.729510497,0.799465392,4,0.37,0.65,0.73,0.620601658
143,2/22/2020,0.99,0.01,0.0002,0.99,0.01,0.0002,0.911662031,0.117006433,0.056337058,0.764752538,0.260590415,0.239906869,0.769686417,0.515869283,0.475025012,3.482052183,4.893479712,8.660785259,5.497958601,0.431870127,16.32421491,4.211127925,5.202030193,0.294624133,1.795963144,1.460312432,13,36,0.039206936,0.85590206,0.713900445,10,0.38,0.59,0.77,0.601538558
351,2/17/2020,0.99,0.01,0.0002,0.99,0.01,0.0002,0.864055852,0.087134954,0.061989754,0.704129031,0.241829686,0.154593311,0.721200044,0.599531386,0.475025012,2.094660557,4.945154887,8.079043465,5.308741039,0.422020326,9.528832374,4.211127925,6.507585711,0.294624133,2.423663221,1.334272427,65,36,0.039206936,0.753519745,0.525785321,7,0.22,0.4,0.73,0.601538558
391,2/5/2020,0.99,0.01,0.0002,0.99,0.01,0.0002,0.8861598,0.101297552,0.093749865,0.837356239,0.248276145,0.17886182,0.893541706,0.58324296,0.476349316,3.310169117,4.910075395,8.464685039,5.60861736,0.42144096,10.63401349,4.211127925,5.750474802,0.349786552,1.942010244,1.778918172,91,36,0.039687939,0.663083225,0.525785321,7,0.31,0.41,0.83,0.860923447
207,2/22/2020,0.99,0.01,0.0002,0.99,0.01,0.0002,0.904811041,0.090245059,0.061989754,0.720196391,0.233260781,0.160520598,0.71092005,0.501880602,0.436998453,2.87223928,5.120392268,8.685702048,5.497958601,0.428476715,10.73088593,4.900786918,5.072820859,0.294624133,1.795963144,1.210199089,78,36,0.039206936,0.871303199,0.740966155,7,0.18,0.58,0.77,0.601538558
439,2/28/2020,0.99,0.01,0.0002,0.99,0.01,0.0002,0.93345038,0.109606319,0.060468137,0.836057294,0.250353185,0.210247251,0.874808853,0.552525581,0.465536582,2.213200666,5.120392268,8.95922422,5.308741039,0.442707062,10.73088593,4.657928891,7.841599905,0.326345379,1.942010244,1.778918172,56,36,0.039687939,0.875009419,0.676591207,7,0.31,0.54,0.73,0.620601658
44,2/22/2020,0.99,0.01,0.0002,0.99,0.01,0.0002,0.911662031,0.117006433,0.086539667,0.764752538,0.260590415,0.196518437,0.719273784,0.588688416,0.475025012,3.771300537,4.581718671,8.660785259,6.868179501,0.405166711,16.32421491,4.627053934,5.373789185,0.270057075,1.795963144,1.460312432,13,36,0.039066893,0.85590206,0.5666476,9,0.31,0.59,0.83,0.620601658
353,2/28/2020,0.99,0.01,0.0002,0.99,0.01,0.0002,0.896557661,0.115681259,0.073807676,0.873597238,0.231335789,0.249588157,0.719273784,0.515869283,0.465536582,3.013865152,4.910075395,8.660785259,5.308741039,0.442871798,9.941313925,4.627053934,5.322376627,0.294624133,2.84844894,1.435693554,62,36,0.038495936,0.88836714,0.525785321,9,0.31,0.61,0.84,0.586305343
298,2/14/2020,0.99,0.01,0.0002,0.99,0.01,0.0002,0.896557661,0.091505429,0.084291662,0.875578802,0.256323907,0.17886182,0.70311865,0.557903667,0.44915925,3.482052183,4.662246907,8.522890038,5.991144692,0.442871798,16.54607567,4.252754694,5.373789185,0.349786552,2.84844894,1.460312432,2,36,0.040180766,0.729510497,0.5666476,9,0.37,0.48,0.8,0.620601658
238,2/16/2020,0.99,0.01,0.0002,0.99,0.01,0.0002,0.915754417,0.101297552,0.060468137,0.837356239,0.267171597,0.160520598,0.782805528,0.599531386,0.465536582,2.87223928,4.910075395,8.480200157,6.013340349,0.443405985,15.1207902,4.599156369,7.361464427,0.242880268,1.870466907,1.435693554,76,36,0.03734065,0.663083225,0.87470857,7,0.31,0.56,0.9,0.645493971
260,2/3/2020,0.99,0.01,0.0002,0.99,0.01,0.0002,0.896557661,0.116558374,0.084291662,0.764752538,0.231335789,0.17886182,0.766350094,0.515869283,0.408298812,3.013865152,5.120392268,8.522890038,5.497958601,0.448470255,10.06497676,4.211127925,7.31331109,0.294624133,1.795963144,1.520234895,13,36,0.03734065,0.658402873,0.525785321,9,0.09,0.43,0.83,0.791190901
104,2/1/2020,0.99,0.01,0.0002,0.99,0.01,0.0002,0.911662031,0.105194071,0.061989754,0.737666026,0.231335789,0.160785844,0.788732906,0.557764776,0.49686248,3.405107365,4.496869584,8.480200157,5.66945442,0.442871798,10.73088593,4.657928891,7.221725945,0.242880268,1.942010244,1.334272427,13,36,0.039066893,0.707577198,0.665965102,4,0.31,0.54,0.82,0.791190901
157,2/3/2020,0.99,0.01,0.0002,0.99,0.01,0.0002,0.896557661,0.091505429,0.061989754,0.716677474,0.269421965,0.240010586,0.713702198,0.501880602,0.427361962,3.181667089,5.120392268,8.480200157,6.013340349,0.412479918,10.48819769,4.599156369,5.322376627,0.20879228,1.870466907,1.778918172,78,36,0.039206936,0.658402873,0.605870814,4,0.28,0.41,0.83,0.808296726
452,2/16/2020,0.99,0.01,0.0002,0.99,0.01,0.0002,0.934129476,0.080552927,0.099615011,0.704129031,0.263312627,0.17886182,0.719273784,0.58324296,0.436998453,3.310169117,4.662246907,9.712036223,5.60861736,0.418990904,15.1207902,4.211127925,7.841599905,0.349786552,2.545320456,1.778918172,91,36,0.038495936,0.745764249,0.525785321,2,0.26,0.46,0.9,0.84516695
72,2/24/2020,0.99,0.01,0.0002,0.99,0.01,0.0002,0.896557661,0.101422444,0.091917091,0.704129031,0.254050352,0.204120764,0.70311865,0.552525581,0.436998453,3.353654081,5.120392268,8.833590334,6.868179501,0.418990904,16.54607567,4.211127925,5.557876412,0.349786552,2.423663221,1.460312432,13,36,0.038495936,0.754891566,0.635423906,4,0.18,0.63,0.9,0.641064169
42,2/1/2020,0.99,0.01,0.0002,0.99,0.01,0.0002,0.896557661,0.091505429,0.08259324,0.875578802,0.260590415,0.249588157,0.70311865,0.552525581,0.44915925,3.771300537,5.449945794,8.522890038,6.578910613,0.405166711,9.528832374,4.627053934,5.373789185,0.242880268,1.870466907,1.588235987,66,36,0.039066893,0.729510497,0.5666476,9,0.24,0.64,0.83,0.620601658
21,2/16/2020,0.99,0.01,0.0002,0.99,0.01,0.0002,0.911662031,0.080552927,0.093749865,0.837356239,0.248276145,0.17886182,0.719273784,0.599531386,0.472788397,3.310169117,4.122442899,8.464685039,5.497958601,0.448470255,9.528832374,4.599156369,7.787964028,0.32680768,2.545320456,1.435693554,13,36,0.038495936,0.729510497,0.5666476,4,0.38,0.46,0.83,0.808296726
303,2/28/2020,0.99,0.01,0.0002,0.99,0.01,0.0002,0.896557661,0.115681259,0.08259324,0.737666026,0.23965763,0.249588157,0.719273784,0.588688416,0.465536582,2.33496126,4.662246907,8.522890038,5.878259319,0.442871798,10.69077827,3.757245241,5.504468573,0.242880268,1.870466907,1.460312432,78,36,0.038981443,0.632675899,0.525785321,9,0.32,0.41,0.77,0.620601658
339,2/16/2020,0.99,0.01,0.0002,0.99,0.01,0.0002,0.911662031,0.114524218,0.093749865,0.836057294,0.248276145,0.17886182,0.719273784,0.552525581,0.465536582,2.213200666,4.910075395,9.472625295,5.308741039,0.42144096,15.1207902,4.599156369,5.750474802,0.349786552,1.942010244,1.520234895,56,36,0.039687939,0.702809716,0.525785321,7,0.28,0.41,0.73,0.601538558
347,2/1/2020,0.99,0.01,0.0002,0.99,0.01,0.0002,0.864055852,0.099519138,0.084291662,0.836057294,0.231335789,0.238125713,0.782805528,0.552525581,0.465536582,2.213200666,5.051686759,8.104289863,5.497958601,0.432483187,9.528832374,4.900786918,5.31432029,0.270057075,1.942010244,1.778918172,78,36,0.039687939,0.702809716,0.70186657,4,0.38,0.41,0.73,0.620601658
445,2/28/2020,0.99,0.01,0.0002,0.99,0.01,0.0002,0.864055852,0.10016378,0.085933837,0.779240962,0.231335789,0.154593311,0.70311865,0.559990658,0.465536582,3.482052183,4.581718671,8.522890038,6.578910613,0.442871798,16.54607567,3.819888567,5.504468573,0.349786552,1.795963144,1.460312432,76,36,0.038495936,0.632675899,0.5666476,9,0.18,0.62,0.83,0.620601658
468,2/1/2020,0.99,0.01,0.0002,0.99,0.01,0.0002,0.896611104,0.115681259,0.084291662,0.704129031,0.241829686,0.210247251,0.781744658,0.552525581,0.465536582,3.013865152,5.811996489,8.522890038,5.746030243,0.413833515,10.15749358,3.519622042,6.679387338,0.326345379,2.84844894,1.334272427,68,36,0.037626373,0.673353596,0.525785321,9,0.31,0.4,0.83,0.605474778
40,2/28/2020,0.99,0.01,0.0002,0.99,0.01,0.0002,0.914057196,0.115681259,0.073807676,0.704129031,0.231335789,0.169635774,0.719273784,0.588688416,0.472788397,3.482052183,5.120392268,9.883405978,6.096212275,0.421235194,9.528832374,4.242053611,5.202030193,0.294624133,2.423663221,1.781931412,13,36,0.037626373,0.673353596,0.565441798,6,0.31,0.58,0.83,0.67055313
269,2/22/2020,0.99,0.01,0.0002,0.99,0.01,0.0002,0.864055852,0.115681259,0.08259324,0.777153395,0.241829686,0.193012913,0.795469704,0.504104218,0.465536582,3.023246717,5.120392268,9.701212847,5.497958601,0.443405985,10.63278555,4.627053934,5.322376627,0.20879228,2.423663221,1.334272427,65,36,0.038495936,0.87148081,0.525785321,6,0.2,0.41,0.79,0.7225739
114,2/28/2020,0.99,0.01,0.0002,0.99,0.01,0.0002,0.896557661,0.091505429,0.08259324,0.779240962,0.269421965,0.240010586,0.788732906,0.573507285,0.427361962,3.482052183,4.581718671,8.522890038,6.601644878,0.412479918,15.1207902,4.599156369,5.322376627,0.242880268,1.870466907,1.460312432,76,36,0.039206936,0.751304776,0.5666476,9,0.28,0.64,0.83,0.601538558
428,2/28/2020,0.99,0.01,0.0002,0.99,0.01,0.0002,0.866860394,0.115681259,0.061989754,0.704129031,0.263377121,0.154826683,0.766350094,0.599531386,0.436998453,3.482052183,5.120392268,9.435063379,5.497958601,0.411415126,10.39260355,4.211127925,7.117004652,0.305743978,2.423663221,1.334272427,65,36,0.037626373,0.658402873,0.525785321,7,0.2,0.63,0.79,0.645493971
442,2/28/2020,0.99,0.01,0.0002,0.99,0.01,0.0002,0.884934885,0.115681259,0.056000386,0.789974505,0.231335789,0.160520598,0.719273784,0.562956873,0.465916067,2.33496126,4.122941459,8.660785259,6.354504027,0.412956632,9.528832374,3.519622042,5.072820859,0.20879228,2.843748711,1.21494339,68,36,0.038495936,0.658402873,0.5666476,6,0.37,0.48,0.9,0.656504204
190,2/3/2020,0.99,0.01,0.0002,0.99,0.01,0.0002,0.897889509,0.105194071,0.072782367,0.746564396,0.231335789,0.238125713,0.850615089,0.561929613,0.492265785,2.803464059,4.581718671,8.441366572,5.833071968,0.431313127,9.887074151,4.657928891,7.234952943,0.242880268,2.423663221,1.435693554,76,36,0.039066893,0.695296516,0.5666476,9,0.24,0.58,0.77,0.620601658
286,2/17/2020,0.99,0.01,0.0002,0.99,0.01,0.0002,0.864055852,0.091075162,0.093749865,0.837356239,0.248276145,0.196518437,0.719273784,0.559990658,0.465536582,2.33496126,4.662246907,8.522890038,5.878259319,0.42144096,16.54607567,4.211127925,5.504468573,0.349786552,2.545320456,1.781931412,91,36,0.038981443,0.632675899,0.712486283,4,0.32,0.46,0.77,0.620601658
111,2/28/2020,0.99,0.01,0.0002,0.99,0.01,0.0002,0.864055852,0.101297552,0.084291662,0.746564396,0.231335789,0.150287875,0.766350094,0.599531386,0.436998453,3.771300537,5.051686759,8.685702048,6.868179501,0.443405985,15.1207902,4.001796481,5.750474802,0.294624133,1.191193423,1.460312432,13,36,0.038495936,0.871303199,0.635423906,7,0.24,0.62,0.81,0.601538558
220,2/22/2020,0.99,0.01,0.0002,0.99,0.01,0.0002,0.864055852,0.115681259,0.061989754,0.704129031,0.233260781,0.231922864,0.766350094,0.552525581,0.465536582,3.181667089,4.581718671,8.660785259,5.497958601,0.428476715,9.528832374,4.211127925,5.14180518,0.20879228,2.84844894,1.210199089,65,36,0.038495936,0.673353596,0.608558062,1,0.24,0.63,0.79,0.808296726
299,2/14/2020,0.99,0.01,0.0002,0.99,0.01,0.0002,0.896557661,0.091505429,0.084291662,0.716677474,0.234324308,0.17886182,0.70311865,0.588688416,0.44915925,3.6009729,4.62091792,8.522890038,6.448324608,0.430213926,16.54607567,4.599156369,5.373789185,0.349786552,1.795963144,1.425737098,2,36,0.040180766,0.632675899,0.5666476,9,0.2,0.48,0.9,0.620601658
43,2/28/2020,0.99,0.01,0.0002,0.99,0.01,0.0002,0.896557661,0.115681259,0.060468137,0.779240962,0.231335789,0.228264652,0.70311865,0.552525581,0.44915925,3.482052183,5.120392268,8.522890038,5.60861736,0.42144096,9.528832374,4.627053934,5.373789185,0.242880268,1.870466907,1.460312432,66,36,0.039066893,0.729510497,0.5666476,4,0.24,0.63,0.83,0.620601658
318,2/24/2020,0.99,0.01,0.0002,0.99,0.01,0.0002,0.884934885,0.105194071,0.08832941,0.764752538,0.231758057,0.249588157,0.766350094,0.501880602,0.472788397,3.482052183,5.051686759,8.660785259,6.233461401,0.442707062,9.528832374,4.599156369,5.31432029,0.294624133,2.423663221,1.778918172,13,36,0.037626373,0.85590206,0.713900445,8,0.31,0.42,0.76,0.67055313
493,2/1/2020,0.99,0.01,0.0002,0.99,0.01,0.0002,0.896557661,0.099519138,0.072782367,0.704129031,0.234324308,0.223347714,0.877061719,0.559990658,0.465536582,3.589867702,4.662246907,9.918385001,6.448324608,0.404532416,16.54607567,4.211127925,7.234952943,0.349786552,1.795963144,1.778918172,25,36,0.039206936,0.658402873,0.635423906,9,0.24,0.61,0.8,0.620601658
316,2/28/2020,0.99,0.01,0.0002,0.99,0.01,0.0002,0.864055852,0.115681259,0.08259324,0.704129031,0.26671743,0.150287875,0.894874052,0.504104218,0.465536582,3.023246717,5.811996489,8.456195743,6.693141569,0.443405985,15.1207902,4.627053934,5.322376627,0.270057075,1.795963144,1.927196229,68,36,0.03734065,0.87148081,0.525785321,6,0.37,0.41,0.71,0.600259852
24,2/22/2020,0.99,0.01,0.0002,0.99,0.01,0.0002,0.85442185,0.101297552,0.068594897,0.837356239,0.248276145,0.160520598,0.719273784,0.599531386,0.436998453,2.87223928,4.122941459,8.464685039,5.308741039,0.437428234,15.1207902,4.900786918,7.787964028,0.349786552,1.191193423,1.210199089,78,36,0.039206936,0.658402873,0.525785321,4,0.24,0.46,0.83,0.80107816
236,2/28/2020,0.99,0.01,0.0002,0.99,0.01,0.0002,0.915754417,0.085169554,0.094059252,0.837356239,0.25340148,0.223347714,0.719273784,0.515869283,0.465536582,2.151459395,5.051686759,8.079043465,6.868179501,0.413833515,17.11899123,4.599156369,7.234952943,0.269965598,2.84844894,1.520234895,57,36,0.03734065,0.658402873,0.80430164,9,0.24,0.41,0.83,0.600259852
443,2/28/2020,0.99,0.01,0.0002,0.99,0.01,0.0002,0.914057196,0.115681259,0.06609161,0.764752538,0.231335789,0.154593311,0.719273784,0.501880602,0.465916067,3.482052183,4.122941459,8.660785259,6.354504027,0.412956632,9.528832374,3.519622042,5.373789185,0.20879228,2.423663221,1.21494339,76,36,0.038495936,0.806546759,0.5666476,7,0.37,0.63,0.83,0.645493971
60,2/24/2020,0.99,0.01,0.0002,0.99,0.01,0.0002,0.911662031,0.114524218,0.061989754,0.704129031,0.254050352,0.21806841,0.766350094,0.599531386,0.436998453,3.482052183,5.120392268,8.464685039,5.60861736,0.418990904,16.54607567,4.211127925,6.537252306,0.349786552,2.423663221,1.520234895,2,36,0.038495936,0.658402873,0.525785321,4,0.18,0.63,0.9,0.601538558
496,2/28/2020,0.99,0.01,0.0002,0.99,0.01,0.0002,0.864055852,0.117006433,0.070681093,0.836057294,0.23573033,0.177535341,0.877061719,0.501880602,0.452342289,2.151459395,4.077828433,8.480200157,5.497958601,0.442871798,16.32421491,4.599156369,5.373789185,0.305743978,2.843748711,1.435693554,25,36,0.038495936,0.867391752,0.5666476,7,0.32,0.45,0.88,0.650547098
466,2/3/2020,0.99,0.01,0.0002,0.99,0.01,0.0002,0.866099225,0.091505429,0.060468137,0.838074288,0.269421965,0.154593311,0.795469704,0.561929613,0.427361962,2.33496126,4.581718671,8.079043465,6.013340349,0.415829641,15.1207902,4.627053934,7.347470805,0.20879228,1.942010244,1.435693554,78,36,0.039206936,0.673353596,0.87470857,9,0.24,0.48,0.9,0.601538558
283,2/16/2020,0.99,0.01,0.0002,0.99,0.01,0.0002,0.911662031,0.090977819,0.05761994,0.837356239,0.248276145,0.180630891,0.719273784,0.563743496,0.476349316,3.310169117,4.662246907,8.104289863,5.308741039,0.42144096,15.1207902,3.669863288,7.841599905,0.349786552,1.795963144,1.460312432,91,36,0.039206936,0.632675899,0.627332491,4,0.31,0.46,0.83,0.762710737
358,2/1/2020,0.99,0.01,0.0002,0.99,0.01,0.0002,0.911662031,0.080552927,0.093749865,0.746564396,0.231335789,0.238125713,0.719273784,0.552334365,0.476349316,3.181667089,5.120392268,8.464685039,5.60861736,0.42144096,15.1207902,4.503353001,7.787964028,0.326345379,2.545320456,1.520234895,76,36,0.039066893,0.663083225,0.525785321,5,0.32,0.46,0.9,0.601538558
254,2/3/2020,0.99,0.01,0.0002,0.99,0.01,0.0002,0.915568577,0.080552927,0.084291662,0.875578802,0.248276145,0.17886182,0.719273784,0.58324296,0.476349316,3.310169117,4.662246907,8.464685039,6.802572551,0.448470255,15.1207902,4.252754694,6.556272898,0.349786552,2.545320456,1.425737098,56,36,0.038495936,0.658402873,0.525785321,4,0.09,0.58,0.83,0.791190901
185,2/28/2020,0.99,0.01,0.0002,0.99,0.01,0.0002,0.911662031,0.115681259,0.073807676,0.704129031,0.231335789,0.17886182,0.766350094,0.515869283,0.418261062,3.013865152,5.120392268,8.685702048,5.497958601,0.442871798,10.06497676,4.211127925,5.202030193,0.20879228,1.795963144,1.520234895,65,36,0.039206936,0.84571833,0.80430164,9,0.18,0.41,0.83,0.600259852
176,2/16/2020,0.99,0.01,0.0002,0.99,0.01,0.0002,0.911662031,0.115681259,0.08259324,0.737666026,0.256323907,0.249588157,0.719273784,0.588688416,0.476349316,3.310169117,4.662246907,8.464685039,5.60861736,0.442871798,15.1207902,4.211127925,7.787964028,0.349786552,2.545320456,1.520234895,91,36,0.039066893,0.632675899,0.525785321,4,0.28,0.61,0.83,0.620601658
278,2/19/2020,0.99,0.01,0.0002,0.99,0.01,0.0002,0.864055852,0.115681259,0.08259324,0.722164451,0.26671743,0.193012913,0.788732906,0.504104218,0.426291963,3.023246717,5.120392268,9.274622197,5.308741039,0.443405985,10.63278555,4.599156369,5.322376627,0.269965598,2.84844894,1.460312432,56,36,0.03734065,0.87148081,0.799465392,5,0.37,0.48,0.73,0.620601658
86,2/20/2020,0.99,0.01,0.0002,0.99,0.01,0.0002,0.864055852,0.085169554,0.094059252,0.764752538,0.260004699,0.169507012,0.721200044,0.563743496,0.475025012,2.151459395,5.051686759,8.079043465,6.868179501,0.422790084,10.17221559,4.627053934,7.841599905,0.294624133,2.84844894,1.425737098,57,36,0.03734065,0.753519745,0.524555466,3,0.22,0.4,0.73,0.625573981
376,2/11/2020,0.99,0.01,0.0002,0.99,0.01,0.0002,0.869133883,0.117006433,0.08605297,0.746564396,0.233260781,0.210247251,0.766350094,0.501880602,0.452342289,3.61806033,4.122442899,8.522890038,5.746030243,0.413833515,15.1207902,4.599156369,5.373789185,0.294624133,1.795963144,1.781931412,78,36,0.037626373,0.658402873,0.70186657,8,0.31,0.48,0.88,0.721169612
167,2/28/2020,0.99,0.01,0.0002,0.99,0.01,0.0002,0.911662031,0.117006433,0.075407114,0.764752538,0.231758057,0.249588157,0.766350094,0.521106393,0.44915925,3.771300537,4.07663077,9.274622197,6.233461401,0.425276924,16.32421491,3.898134036,7.69312154,0.294624133,1.730039634,1.781931412,13,36,0.039001341,0.85590206,0.885723802,8,0.27,0.48,0.83,0.67055313
311,2/16/2020,0.99,0.01,0.0002,0.99,0.01,0.0002,0.896557661,0.114524218,0.073807676,0.704129031,0.231335789,0.181756249,0.894874052,0.515869283,0.465536582,3.013865152,5.811996489,8.464685039,5.469030864,0.42144096,10.54990258,4.599156369,5.322376627,0.349786552,2.84844894,1.460312432,2,36,0.038495936,0.673353596,0.525785321,9,0.34,0.41,0.83,0.601538558
394,2/14/2020,0.99,0.01,0.0002,0.99,0.01,0.0002,0.911662031,0.115681259,0.060468137,0.777153395,0.233260781,0.248032583,0.788732906,0.589611537,0.426291963,3.928295993,4.743757197,9.274622197,5.308741039,0.448470255,9.528832374,3.669863288,5.635357314,0.270057075,2.84844894,1.460312432,76,36,0.039206936,0.632675899,0.5666476,9,0.29,0.41,0.83,0.762710737
492,2/3/2020,0.99,0.01,0.0002,0.99,0.01,0.0002,0.911662031,0.099519138,0.084291662,0.704129031,0.233260781,0.17886182,0.894874052,0.518670057,0.405417482,3.013865152,4.662246907,8.079043465,6.448324608,0.430213926,9.887074151,4.211127925,7.234952943,0.294624133,2.84844894,1.778918172,25,36,0.039206936,0.822529092,0.635423906,9,0.2,0.51,0.9,0.620601658
87,2/1/2020,0.99,0.01,0.0002,0.99,0.01,0.0002,0.896557661,0.087134954,0.094059252,0.777153395,0.260004699,0.169507012,0.766350094,0.512183045,0.436998453,2.151459395,5.051686759,8.079043465,6.868179501,0.422020326,9.810680073,4.599156369,6.507585711,0.294624133,2.84844894,1.778918172,57,36,0.03734065,0.753519745,0.524555466,7,0.24,0.41,0.73,0.600259852
288,2/3/2020,0.99,0.01,0.0002,0.99,0.01,0.0002,0.915754417,0.099519138,0.083131323,0.836057294,0.243842885,0.223347714,0.795469704,0.561929613,0.465536582,2.33496126,4.910075395,8.660785259,5.833071968,0.443405985,10.73088593,4.900786918,7.234952943,0.356156138,1.870466907,1.778918172,76,36,0.039206936,0.663083225,0.59891394,6,0.24,0.45,0.77,0.620601658
241,2/22/2020,0.99,0.01,0.0002,0.99,0.01,0.0002,0.85442185,0.101297552,0.072782367,0.764752538,0.233260781,0.223347714,0.782805528,0.515869283,0.465536582,3.013865152,4.911453143,8.685702048,5.469030864,0.42144096,10.73088593,4.211127925,5.322376627,0.294624133,1.191193423,1.210199089,78,36,0.039206936,0.658402873,0.635423906,9,0.24,0.41,0.83,0.620601658
122,2/28/2020,0.99,0.01,0.0002,0.99,0.01,0.0002,0.896557661,0.099519138,0.084291662,0.836057294,0.269421965,0.240010586,0.862782697,0.573507285,0.427361962,2.213200666,4.910075395,8.522890038,5.560530336,0.412479918,10.73088593,4.599156369,5.750474802,0.20879228,1.942010244,1.778918172,56,36,0.039687939,0.702809716,0.605870814,7,0.28,0.52,0.83,0.601538558
159,2/28/2020,0.99,0.01,0.0002,0.99,0.01,0.0002,0.896557661,0.117006433,0.094059252,0.851357529,0.260004699,0.210247251,0.850615089,0.562956873,0.472788397,3.482052183,4.935249016,8.733295585,5.497958601,0.413833515,9.528832374,3.519622042,5.202030193,0.305743978,2.84844894,1.778918172,57,36,0.037626373,0.658402873,0.70186657,3,0.31,0.47,0.9,0.878892839
416,2/28/2020,0.99,0.01,0.0002,0.99,0.01,0.0002,0.925059768,0.115681259,0.08259324,0.737666026,0.256323907,0.154593311,0.70311865,0.562956873,0.422636938,3.482052183,4.662246907,8.522890038,5.991144692,0.442707062,9.528832374,3.757245241,5.373789185,0.242880268,1.870466907,1.460312432,78,36,0.038495936,0.632675899,0.525785321,7,0.28,0.61,0.83,0.620601658
223,2/1/2020,0.99,0.01,0.0002,0.99,0.01,0.0002,0.866099225,0.109606319,0.062774761,0.704129031,0.250353185,0.196975327,0.874808853,0.552525581,0.465536582,2.570292759,5.120392268,8.035972706,5.746030243,0.442871798,9.528832374,4.599156369,7.841599905,0.326345379,1.795963144,1.778918172,78,36,0.037626373,0.875009419,0.863827587,7,0.31,0.41,0.73,0.601538558
222,2/22/2020,0.99,0.01,0.0002,0.99,0.01,0.0002,0.866099225,0.109606319,0.062774761,0.704129031,0.250353185,0.208958183,0.874808853,0.552525581,0.465536582,2.570292759,5.120392268,8.95922422,5.746030243,0.442707062,10.48819769,4.657928891,5.373789185,0.326345379,1.795963144,1.778918172,78,36,0.038495936,0.673353596,0.635423906,7,0.31,0.41,0.86,0.601538558
7,2/5/2020,0.99,0.01,0.0002,0.99,0.01,0.0002,0.866702712,0.089692909,0.05761994,0.702337465,0.263312627,0.180630891,0.719273784,0.515869283,0.465536582,3.928295993,5.120392268,9.274622197,5.308741039,0.435920294,16.54607567,3.669863288,7.69312154,0.294624133,1.730039634,1.460312432,76,36,0.039001341,0.658402873,0.80430164,3,0.31,0.41,0.77,0.762710737
282,2/16/2020,0.99,0.01,0.0002,0.99,0.01,0.0002,0.911662031,0.090977819,0.05761994,0.777153395,0.263312627,0.17886182,0.719273784,0.563743496,0.465536582,3.928295993,4.662246907,8.104289863,5.308741039,0.42144096,16.54607567,3.669863288,7.787964028,0.270057075,1.795963144,1.460312432,76,36,0.039206936,0.658402873,0.525785321,4,0.38,0.48,0.74,0.762710737
436,2/28/2020,0.99,0.01,0.0002,0.99,0.01,0.0002,0.8861598,0.101297552,0.092387787,0.836057294,0.239180905,0.160520598,0.719273784,0.599531386,0.459872384,3.771300537,4.581718671,8.522890038,5.308741039,0.443405985,9.307157885,4.356411985,5.750474802,0.242880268,1.942010244,1.778918172,78,36,0.039687939,0.737281041,0.793295831,9,0.18,0.64,0.83,0.620601658
412,2/14/2020,0.99,0.01,0.0002,0.99,0.01,0.0002,0.896557661,0.115681259,0.08259324,0.779240962,0.233260781,0.154593311,0.795469704,0.504104218,0.426291963,3.181667089,5.120392268,8.456195743,6.053131157,0.442707062,10.63278555,4.599156369,5.635357314,0.270057075,2.84844894,1.460312432,2,36,0.03734065,0.663083225,0.799465392,9,0.37,0.41,0.83,0.620601658
94,2/13/2020,0.99,0.01,0.0002,0.99,0.01,0.0002,0.896557661,0.105194071,0.08259324,0.764752538,0.263377121,0.249588157,0.877450107,0.552525581,0.44915925,3.243899297,4.581718671,8.522890038,5.497958601,0.405166711,9.556515366,4.599156369,6.211209826,0.326345379,1.870466907,1.435693554,76,36,0.039066893,0.677124806,0.5666476,9,0.16,0.41,0.83,0.808296726
177,2/28/2020,0.99,0.01,0.0002,0.99,0.01,0.0002,0.896557661,0.080552927,0.08259324,0.837356239,0.256323907,0.249588157,0.719273784,0.588688416,0.422636938,3.310169117,4.662246907,8.464685039,5.60861736,0.442871798,15.1207902,4.211127925,6.856887552,0.349786552,2.545320456,1.520234895,91,36,0.038495936,0.658402873,0.525785321,9,0.39,0.46,0.83,0.620601658
218,2/28/2020,0.99,0.01,0.0002,0.99,0.01,0.0002,0.915568577,0.117492188,0.063157595,0.856089836,0.233260781,0.204120764,0.766350094,0.501822333,0.436998453,3.968985262,5.882210018,8.833590334,5.308741039,0.442871798,10.61608019,4.211127925,6.537252306,0.20879228,1.351708991,1.460312432,13,36,0.038495936,0.673353596,0.712486283,9,0.18,0.63,0.83,0.601538558
268,2/27/2020,0.99,0.01,0.0002,0.99,0.01,0.0002,0.864055852,0.115681259,0.08259324,0.704129031,0.241829686,0.154593311,0.766350094,0.504104218,0.465536582,2.094660557,5.120392268,8.456195743,5.497958601,0.428476715,10.63278555,3.824147562,5.322376627,0.270057075,2.423663221,1.334272427,65,36,0.03734065,0.87148081,0.799465392,1,0.37,0.41,0.79,0.620601658
482,2/22/2020,0.99,0.01,0.0002,0.99,0.01,0.0002,0.864055852,0.099519138,0.070746924,0.755800913,0.253419114,0.196518437,0.782805528,0.512183045,0.465536582,3.771300537,4.910075395,9.472625295,5.507587627,0.418048813,15.1207902,4.001796481,7.011662483,0.244268967,1.795963144,1.435693554,57,36,0.03734065,0.754891566,0.525785321,9,0.24,0.57,0.83,0.586305343
59,2/1/2020,0.99,0.01,0.0002,0.99,0.01,0.0002,0.864055852,0.099519138,0.085933837,0.875578802,0.260004699,0.196518437,0.719273784,0.512183045,0.465536582,2.074475761,4.581718671,8.900275766,6.868179501,0.442871798,9.088788738,3.519622042,7.841599905,0.269950265,2.84844894,1.781931412,40,36,0.038981443,0.632675899,0.712486283,1,0.36,0.48,0.77,0.620601658
317,2/28/2020,0.99,0.01,0.0002,0.99,0.01,0.0002,0.864055852,0.115681259,0.08259324,0.777153395,0.26671743,0.150287875,0.795469704,0.504104218,0.465536582,3.013865152,4.322676164,8.660785259,6.693141569,0.430113746,10.63278555,4.627053934,5.322376627,0.270057075,2.84844894,1.460312432,68,36,0.03734065,0.87148081,0.799465392,9,0.37,0.41,0.83,0.600259852
354,2/19/2020,0.99,0.01,0.0002,0.99,0.01,0.0002,0.884934885,0.091505429,0.060468137,0.704129031,0.231335789,0.249588157,0.795469704,0.588688416,0.472788397,3.771300537,4.945154887,8.118793467,6.013340349,0.425276924,9.715542107,3.757245241,7.69312154,0.305743978,2.673223765,1.460312432,13,36,0.03734065,0.695296516,0.665965102,8,0.16,0.59,0.77,0.620601658
285,2/3/2020,0.99,0.01,0.0002,0.99,0.01,0.0002,0.915754417,0.101297552,0.084291662,0.837356239,0.246431286,0.240440386,0.795469704,0.561929613,0.427361962,2.33496126,4.581718671,8.685702048,5.833071968,0.431313127,9.887074151,4.242053611,7.234952943,0.242880268,1.191193423,1.435693554,78,36,0.039206936,0.871303199,0.635423906,7,0.24,0.48,0.75,0.620601658
425,2/27/2020,0.99,0.01,0.0002,0.99,0.01,0.0002,0.911662031,0.115681259,0.08832941,0.764752538,0.231335789,0.249588157,0.89109779,0.592669884,0.472788397,3.482052183,4.758442,8.464685039,6.336904428,0.425276924,10.83483761,3.207472939,5.202030193,0.305743978,2.050394597,1.435693554,25,36,0.039206936,0.658402873,0.5666476,2,0.38,0.6,0.77,0.808296726
378,2/28/2020,0.99,0.01,0.0002,0.99,0.01,0.0002,0.896557661,0.103882962,0.060468137,0.779240962,0.255232652,0.249588157,0.877061719,0.552525581,0.44915925,3.771300537,4.945154887,8.522890038,5.60861736,0.423054767,9.528832374,4.627053934,7.69312154,0.244268967,1.870466907,1.781931412,25,36,0.03734065,0.677124806,0.5666476,3,0.18,0.64,0.8,0.870944974
19,2/28/2020,0.99,0.01,0.0002,0.99,0.01,0.0002,0.896557661,0.099519138,0.073807676,0.764752538,0.231335789,0.17886182,0.827136057,0.552525581,0.465536582,3.451188522,4.893479712,8.685702048,5.497958601,0.413833515,10.06497676,3.519622042,7.31331109,0.294624133,1.942010244,1.520234895,13,36,0.037626373,0.677124806,0.525785321,9,0.38,0.59,0.9,0.600259852
106,2/28/2020,0.99,0.01,0.0002,0.99,0.01,0.0002,0.866099225,0.115681259,0.099381814,0.777153395,0.26671743,0.196518437,0.788732906,0.599531386,0.465536582,2.734161233,5.120392268,8.456195743,6.693141569,0.443405985,10.48819769,4.627053934,7.459162817,0.269950265,1.870466907,1.927196229,56,36,0.03734065,0.729510497,0.70186657,6,0.37,0.41,0.9,0.586305343
54,2/28/2020,0.99,0.01,0.0002,0.99,0.01,0.0002,0.911662031,0.091505429,0.08259324,0.704129031,0.239088016,0.249588157,0.766350094,0.552525581,0.44915925,3.771300537,5.120392268,8.522890038,5.469030864,0.405166711,9.528832374,4.211127925,5.202030193,0.242880268,1.870466907,1.460312432,76,36,0.039206936,0.677124806,0.80430164,4,0.29,0.64,0.77,0.620601658
187,2/22/2020,0.99,0.01,0.0002,0.99,0.01,0.0002,0.864055852,0.105194071,0.070746924,0.704129031,0.241829686,0.249588157,0.766350094,0.599531386,0.436998453,2.094660557,4.910075395,8.660785259,5.308741039,0.428476715,9.528832374,4.627053934,7.573712809,0.20879228,1.870466907,1.781931412,78,36,0.038495936,0.658402873,0.5666476,1,0.32,0.63,0.9,0.601538558
290,2/24/2020,0.99,0.01,0.0002,0.99,0.01,0.0002,0.896557661,0.090977819,0.094059252,0.737666026,0.233260781,0.248032583,0.719273784,0.576147654,0.465339341,3.507224427,5.120392268,8.104289863,5.308741039,0.448470255,9.528832374,4.627053934,5.373789185,0.270057075,1.870466907,1.460312432,76,36,0.039066893,0.754891566,0.635423906,4,0.36,0.41,0.74,0.641064169
180,2/16/2020,0.99,0.01,0.0002,0.99,0.01,0.0002,0.866099225,0.115681259,0.084291662,0.777153395,0.26671743,0.249588157,0.877061719,0.520610053,0.465536582,3.589867702,4.662246907,8.702701493,5.308741039,0.443405985,16.54607567,4.252754694,5.373789185,0.270057075,1.795963144,1.425737098,78,36,0.03734065,0.729510497,0.635423906,9,0.37,0.61,0.8,0.620601658
155,2/28/2020,0.99,0.01,0.0002,0.99,0.01,0.0002,0.896557661,0.091505429,0.08259324,0.779240962,0.249820297,0.240010586,0.788732906,0.552525581,0.44915925,3.771300537,4.581718671,8.522890038,5.60861736,0.412479918,9.528832374,4.627053934,5.373789185,0.20879228,1.870466907,1.460312432,76,36,0.039066893,0.677124806,0.605870814,9,0.28,0.64,0.83,0.620601658
344,2/28/2020,0.99,0.01,0.0002,0.99,0.01,0.0002,0.915568577,0.117006433,0.08832941,0.764752538,0.267120465,0.17886182,0.766350094,0.589611537,0.465536582,3.013865152,4.06694634,8.685702048,6.449834951,0.442871798,16.32421491,3.519622042,7.31331109,0.269965598,1.795963144,1.435693554,13,36,0.037626373,0.658402873,0.665965102,10,0.38,0.43,0.83,0.600259852
214,2/3/2020,0.99,0.01,0.0002,0.99,0.01,0.0002,0.85442185,0.101297552,0.061989754,0.704129031,0.233260781,0.223347714,0.788732906,0.599531386,0.436998453,3.764331958,5.066175683,9.712036223,6.803763689,0.42144096,15.73056875,4.383994491,7.841599905,0.294624133,1.191193423,1.210199089,78,36,0.039206936,0.745764249,0.635423906,7,0.24,0.41,0.83,0.586305343
364,2/28/2020,0.99,0.01,0.0002,0.99,0.01,0.0002,0.884934885,0.117006433,0.060468137,0.781021476,0.231335789,0.154593311,0.766350094,0.588688416,0.472788397,2.094660557,4.122941459,8.660785259,6.868179501,0.418990904,9.528832374,4.599156369,5.072820859,0.349786552,1.730039634,1.334272427,13,36,0.037626373,0.673353596,0.755230614,8,0.31,0.42,0.9,0.620601658
341,2/1/2020,0.99,0.01,0.0002,0.99,0.01,0.0002,0.896557661,0.109606319,0.084291662,0.716677474,0.233260781,0.192319634,0.70311865,0.552525581,0.465536582,3.507224427,5.687985526,8.35829491,5.918035701,0.42144096,10.48819769,4.657928891,7.841599905,0.326345379,1.795963144,1.778918172,78,36,0.037626373,0.875009419,0.635423906,3,0.22,0.6,0.74,0.601538558
343,2/24/2020,0.99,0.01,0.0002,0.99,0.01,0.0002,0.884934885,0.114524218,0.093749865,0.704129031,0.231335789,0.17886182,0.719273784,0.588688416,0.449379292,3.482052183,4.122442899,8.522890038,5.60861736,0.425276924,9.528832374,3.592800991,6.211209826,0.305743978,1.730039634,1.520234895,2,36,0.038495936,0.658402873,0.525785321,8,0.28,0.59,0.83,0.620601658
293,2/24/2020,0.99,0.01,0.0002,0.99,0.01,0.0002,0.918039399,0.101422444,0.061989754,0.704129031,0.254050352,0.204120764,0.766350094,0.599531386,0.465536582,3.968985262,4.758442,8.456195743,5.17680579,0.436751609,16.54607567,4.242053611,6.537252306,0.269950265,1.550978745,1.460312432,13,36,0.038981443,0.69136307,0.824217891,4,0.33,0.63,0.88,0.601538558
249,2/28/2020,0.99,0.01,0.0002,0.99,0.01,0.0002,0.911662031,0.099519138,0.060468137,0.871186641,0.231335789,0.248032583,0.872823768,0.515869283,0.436125032,3.013865152,5.811996489,8.480200157,6.595651556,0.401327126,15.1207902,3.019915529,5.322376627,0.244268967,2.84844894,1.460312432,68,36,0.039066893,0.604171441,0.5666476,9,0.24,0.48,0.9,0.600259852
330,2/6/2020,0.99,0.01,0.0002,0.99,0.01,0.0002,0.866099225,0.099519138,0.084291662,0.764752538,0.233260781,0.160520598,0.877061719,0.552525581,0.465536582,2.213200666,4.910075395,9.472625295,6.990647702,0.418990904,15.1207902,4.627053934,7.347470805,0.270057075,1.942010244,1.778918172,56,36,0.039687939,0.702809716,0.676591207,4,0.24,0.41,0.73,0.601538558
332,2/28/2020,0.99,0.01,0.0002,0.99,0.01,0.0002,0.93345038,0.115681259,0.054632754,0.746564396,0.233260781,0.210247251,0.782805528,0.501880602,0.427361962,2.213200666,4.910075395,8.95922422,5.746030243,0.418990904,16.54607567,4.900786918,7.841599905,0.326345379,1.795963144,1.778918172,78,36,0.039687939,0.702809716,0.676591207,3,0.28,0.41,0.73,0.620601658
363,2/3/2020,0.99,0.01,0.0002,0.99,0.01,0.0002,0.915754417,0.093468274,0.072782367,0.837356239,0.23965763,0.249588157,0.719273784,0.529782368,0.427361962,2.779826336,5.721729216,8.660785259,5.17680579,0.443024358,16.54607567,4.242053611,7.234952943,0.269965598,1.870466907,1.778918172,76,36,0.038981443,0.658402873,0.635423906,6,0.2,0.4,0.9,0.586305343
126,2/22/2020,0.99,0.01,0.0002,0.99,0.01,0.0002,0.896557661,0.109148977,0.08259324,0.875578802,0.267171597,0.241686713,0.788732906,0.557764776,0.475025012,3.040380122,4.014873731,8.464685039,5.991144692,0.431870127,9.528832374,3.426785956,7.570657649,0.364581808,2.673223765,1.778918172,25,36,0.039206936,0.894089424,0.605870814,4,0.18,0.45,0.8,0.808296726
478,2/19/2020,0.99,0.01,0.0002,0.99,0.01,0.0002,0.866826175,0.115681259,0.061989754,0.704129031,0.239088016,0.196518437,0.766350094,0.515869283,0.418261062,3.013865152,4.122941459,8.833590334,5.60861736,0.42144096,15.1207902,4.211127925,5.322376627,0.294624133,1.795963144,1.435693554,76,36,0.038495936,0.777690017,0.5666476,1,0.24,0.48,0.83,0.84431116
79,2/28/2020,0.99,0.01,0.0002,0.99,0.01,0.0002,0.896557661,0.091505429,0.062774761,0.779240962,0.231335789,0.178784486,0.766350094,0.552525581,0.44915925,3.771300537,4.581718671,8.685702048,5.308741039,0.405166711,9.528832374,4.001284249,5.373789185,0.356156138,1.870466907,1.460312432,76,36,0.039066893,0.677124806,0.5666476,9,0.18,0.64,0.83,0.620601658
224,2/22/2020,0.99,0.01,0.0002,0.99,0.01,0.0002,0.896557661,0.114524218,0.093749865,0.704129031,0.248276145,0.17886182,0.719273784,0.543274597,0.449379292,2.151459395,4.077828433,8.685702048,5.60861736,0.42144096,15.1207902,4.599156369,7.787964028,0.356156138,1.550978745,1.460312432,2,36,0.038495936,0.663083225,0.525785321,6,0.31,0.41,0.83,0.585674761
342,2/24/2020,0.99,0.01,0.0002,0.99,0.01,0.0002,0.884934885,0.091505429,0.060468137,0.704129031,0.248276145,0.17886182,0.851374876,0.58324296,0.472788397,3.771300537,4.868835956,8.464685039,5.60861736,0.429007486,15.1207902,4.438239142,7.787964028,0.349786552,1.550978745,1.520234895,2,36,0.038495936,0.658402873,0.635028686,6,0.28,0.59,0.83,0.601538558
308,2/11/2020,0.99,0.01,0.0002,0.99,0.01,0.0002,0.864055852,0.115681259,0.061989754,0.704129031,0.259807336,0.154593311,0.766350094,0.501880602,0.427361962,2.094660557,5.120392268,8.95922422,5.497958601,0.428476715,16.54607567,4.657928891,6.537252306,0.326345379,2.423663221,1.778918172,65,36,0.038495936,0.658402873,0.525785321,1,0.31,0.41,0.9,0.620601658
133,2/28/2020,0.99,0.01,0.0002,0.99,0.01,0.0002,0.867849863,0.090266645,0.094059252,0.885639535,0.250282548,0.249588157,0.766350094,0.580872245,0.449379292,2.975329779,5.051686759,8.522890038,6.868179501,0.442871798,9.088788738,4.001796481,6.537252306,0.244268967,1.795963144,1.460312432,13,36,0.03734065,0.604171441,0.80430164,9,0.16,0.63,0.8,0.601538558
110,2/28/2020,0.99,0.01,0.0002,0.99,0.01,0.0002,0.864055852,0.085169554,0.094059252,0.746564396,0.231335789,0.154593311,0.782805528,0.599531386,0.436998453,2.915995809,5.051686759,8.900275766,6.868179501,0.417223953,9.528832374,4.599156369,7.841599905,0.349786552,1.191193423,1.460312432,78,36,0.038495936,0.604171441,0.635423906,7,0.16,0.41,0.83,0.620601658
345,2/28/2020,0.99,0.01,0.0002,0.99,0.01,0.0002,0.915568577,0.117006433,0.073807676,0.722164451,0.231335789,0.249588157,0.766350094,0.589611537,0.465536582,2.734161233,4.893479712,8.685702048,5.497958601,0.442871798,10.06497676,3.519622042,7.31331109,0.294624133,1.942010244,1.520234895,13,36,0.037626373,0.717317216,0.525785321,9,0.16,0.45,0.9,0.600259852
457,2/24/2020,0.99,0.01,0.0002,0.99,0.01,0.0002,0.864055852,0.085169554,0.052840835,0.781021476,0.231335789,0.247562806,0.766350094,0.501880602,0.427361962,3.507224427,5.051686759,8.660785259,6.812714493,0.405174828,9.79282321,4.001796481,5.373789185,0.349786552,1.550978745,1.460312432,13,36,0.038495936,0.658402873,0.727022455,4,0.38,0.62,0.77,0.601538558
129,2/1/2020,0.99,0.01,0.0002,0.99,0.01,0.0002,0.864055852,0.099519138,0.084291662,0.737666026,0.260997488,0.249588157,0.782805528,0.501880602,0.427361962,3.507224427,5.870757954,8.104289863,5.075051263,0.418990904,9.528832374,4.657928891,7.573712809,0.294624133,1.550978745,1.435693554,78,36,0.039206936,0.729510497,0.525785321,4,0.38,0.41,0.82,0.620601658
370,2/19/2020,0.99,0.01,0.0002,0.99,0.01,0.0002,0.869737895,0.095956077,0.056337058,0.704129031,0.239088016,0.196518437,0.838522985,0.515869283,0.436998453,3.181667089,4.893479712,8.592335201,5.497958601,0.43859774,16.54607567,4.599156369,5.202030193,0.20879228,2.84844894,1.460312432,13,36,0.038495936,0.673353596,0.80430164,9,0.18,0.48,0.83,0.601538558
403,2/18/2020,0.99,0.01,0.0002,0.99,0.01,0.0002,0.915754417,0.089692909,0.072782367,0.837356239,0.231335789,0.20217456,0.719273784,0.515869283,0.44915925,2.33496126,4.122941459,8.079043465,6.868179501,0.418990904,9.528832374,4.86690368,7.234952943,0.349786552,1.550978745,1.520234895,13,36,0.039206936,0.673353596,0.525785321,9,0.24,0.41,0.9,0.620601658
259,2/1/2020,0.99,0.01,0.0002,0.99,0.01,0.0002,0.864055852,0.115681259,0.060468137,0.888020355,0.241829686,0.228264652,0.70311865,0.552525581,0.427361962,3.482052183,5.051686759,8.522890038,5.746030243,0.42144096,16.54607567,4.657928891,6.516190111,0.349786552,1.870466907,1.588235987,76,36,0.037626373,0.658402873,0.70186657,4,0.24,0.63,0.9,0.641064169
103,2/14/2020,0.99,0.01,0.0002,0.99,0.01,0.0002,0.8861598,0.115681259,0.084291662,0.779240962,0.266214769,0.154593311,0.782805528,0.589611537,0.426291963,3.482052183,4.62091792,9.274622197,5.60861736,0.442707062,9.528832374,4.599156369,5.750474802,0.349786552,2.84844894,1.425737098,78,36,0.039066893,0.663083225,0.635423906,10,0.37,0.41,0.83,0.620601658
413,2/14/2020,0.99,0.01,0.0002,0.99,0.01,0.0002,0.896557661,0.115681259,0.08259324,0.777153395,0.26671743,0.210741274,0.818749912,0.589611537,0.465536582,3.181667089,4.62091792,9.274622197,6.693141569,0.443405985,9.528832374,4.599156369,5.322376627,0.349786552,1.795963144,1.927196229,91,36,0.03734065,0.87148081,0.799465392,6,0.37,0.48,0.83,0.620601658
191,2/20/2020,0.99,0.01,0.0002,0.99,0.01,0.0002,0.915754417,0.105194071,0.072782367,0.837356239,0.231335789,0.223347714,0.850615089,0.561929613,0.492265785,2.33496126,4.581718671,8.660785259,5.833071968,0.413620489,9.528832374,4.657928891,5.31432029,0.294624133,1.870466907,1.435693554,76,36,0.039066893,0.695296516,0.5666476,9,0.24,0.58,0.89,0.620601658
481,2/28/2020,0.99,0.01,0.0002,0.99,0.01,0.0002,0.864055852,0.115681259,0.069166213,0.746564396,0.231335789,0.160520598,0.71092005,0.501880602,0.457617786,2.734161233,4.06694634,8.900275766,6.096212275,0.421235194,15.73056875,3.912068627,5.072820859,0.294624133,2.423663221,1.21494339,76,36,0.039001341,0.692528588,0.70186657,4,0.35,0.45,0.9,0.620601658
411,2/1/2020,0.99,0.01,0.0002,0.99,0.01,0.0002,0.939783013,0.085169554,0.094059252,0.764752538,0.263377121,0.249588157,0.874808853,0.599531386,0.472788397,2.151459395,4.122442899,8.733295585,6.868179501,0.426627234,9.528832374,4.599156369,7.841599905,0.32680768,2.84844894,1.778918172,13,36,0.037626373,0.673353596,0.5666476,3,0.24,0.41,0.83,0.808296726
350,2/20/2020,0.99,0.01,0.0002,0.99,0.01,0.0002,0.864055852,0.115681259,0.061989754,0.704129031,0.230458258,0.154593311,0.766350094,0.599531386,0.436998453,3.181667089,4.945154887,8.660785259,5.497958601,0.428476715,10.17221559,4.211127925,6.537252306,0.294624133,2.423663221,1.425737098,57,36,0.039206936,0.673353596,0.524555466,7,0.22,0.4,0.73,0.601538558
340,2/22/2020,0.99,0.01,0.0002,0.99,0.01,0.0002,0.866099225,0.109606319,0.084291662,0.716677474,0.233260781,0.192319634,0.874808853,0.552525581,0.465536582,3.507224427,5.120392268,8.35829491,5.991144692,0.42144096,9.121293111,4.657928891,7.841599905,0.270057075,1.795963144,1.778918172,78,36,0.037626373,0.875009419,0.635423906,5,0.22,0.6,0.9,0.605474778
36,2/28/2020,0.99,0.01,0.0002,0.99,0.01,0.0002,0.911662031,0.101297552,0.093749865,0.704129031,0.233260781,0.17886182,0.774909121,0.552525581,0.465536582,3.482052183,4.581718671,9.472625295,5.308741039,0.42144096,15.1207902,4.093423586,7.401770724,0.349786552,1.550978745,1.520234895,25,36,0.039206936,0.865072026,0.525785321,6,0.24,0.45,0.83,0.601538558
246,2/1/2020,0.99,0.01,0.0002,0.99,0.01,0.0002,0.915568577,0.115681259,0.060468137,0.888020355,0.241829686,0.210247251,0.788732906,0.589611537,0.427361962,3.451188522,5.051686759,8.522890038,5.746030243,0.442707062,15.73056875,4.599156369,5.373789185,0.326345379,1.795963144,1.21494339,76,36,0.037626373,0.658402873,0.70186657,3,0.37,0.45,0.83,0.748768747
204,2/28/2020,0.99,0.01,0.0002,0.99,0.01,0.0002,0.896557661,0.091505429,0.084291662,0.704129031,0.234324308,0.154593311,0.766350094,0.588688416,0.436998453,3.482052183,4.910075395,8.522890038,6.233461401,0.425276924,9.528832374,3.203646708,7.011662483,0.305743978,1.795963144,1.425737098,13,36,0.038495936,0.673353596,0.525785321,8,0.31,0.42,0.83,0.601538558
333,2/28/2020,0.99,0.01,0.0002,0.99,0.01,0.0002,0.93345038,0.099519138,0.084291662,0.836057294,0.233260781,0.210247251,0.874808853,0.501880602,0.427361962,2.213200666,5.120392268,8.95922422,5.308741039,0.418990904,16.54607567,4.900786918,7.841599905,0.326345379,1.795963144,1.778918172,56,36,0.037626373,0.658402873,0.676591207,7,0.28,0.41,0.9,0.620601658
61,2/24/2020,0.99,0.01,0.0002,0.99,0.01,0.0002,0.911662031,0.114524218,0.061989754,0.704129031,0.254050352,0.17886182,0.719273784,0.58324296,0.436998453,3.482052183,5.120392268,8.464685039,5.60861736,0.42144096,15.1207902,4.211127925,7.787964028,0.349786552,1.550978745,1.460312432,13,36,0.038495936,0.673353596,0.525785321,6,0.18,0.41,0.83,0.601538558
384,2/1/2020,0.99,0.01,0.0002,0.99,0.01,0.0002,0.869737895,0.095956077,0.063157595,0.746564396,0.252794017,0.196518437,0.877450107,0.599531386,0.436998453,2.00278617,5.120392268,8.592335201,5.991144692,0.432483187,10.48819769,4.599156369,7.841599905,0.326345379,2.050394597,1.778918172,76,36,0.038495936,0.663083225,0.70186657,3,0.18,0.45,0.9,0.601538558
14,2/28/2020,0.99,0.01,0.0002,0.99,0.01,0.0002,0.864055852,0.115681259,0.061989754,0.704129031,0.241829686,0.154593311,0.71092005,0.599531386,0.436998453,2.094660557,5.120392268,8.35829491,5.497958601,0.428476715,16.54607567,4.211127925,6.537252306,0.294624133,1.795963144,1.21494339,65,36,0.039206936,0.818719199,0.740966155,1,0.2,0.58,0.79,0.601538558
252,2/20/2020,0.99,0.01,0.0002,0.99,0.01,0.0002,0.911662031,0.117006433,0.08259324,0.764752538,0.26671743,0.249588157,0.82289329,0.588688416,0.472788397,3.023246717,4.105111353,9.293962145,6.233461401,0.443405985,16.32421491,4.599156369,7.011662483,0.305743978,1.795963144,1.781931412,13,36,0.037626373,0.85590206,0.713900445,8,0.31,0.41,0.83,0.620601658
225,2/16/2020,0.99,0.01,0.0002,0.99,0.01,0.0002,0.896557661,0.114524218,0.093749865,0.704129031,0.248276145,0.178784486,0.719273784,0.543274597,0.465536582,3.482052183,4.077828433,8.685702048,5.60861736,0.42144096,15.1207902,4.900786918,5.322376627,0.349786552,1.550978745,1.460312432,2,36,0.038495936,0.663083225,0.712486283,6,0.31,0.41,0.83,0.620601658
102,2/14/2020,0.99,0.01,0.0002,0.99,0.01,0.0002,0.896557661,0.101297552,0.098796608,0.779240962,0.234324308,0.222965308,0.788732906,0.589611537,0.426291963,3.181667089,4.62091792,8.685702048,5.60861736,0.443405985,9.528832374,4.599156369,5.635357314,0.294624133,2.84844894,1.460312432,2,36,0.038495936,0.663083225,0.635423906,9,0.37,0.41,0.81,0.620601658
233,2/28/2020,0.99,0.01,0.0002,0.99,0.01,0.0002,0.896557661,0.099519138,0.060468137,0.716677474,0.231335789,0.249588157,0.719273784,0.501880602,0.436998453,3.181667089,5.120392268,8.456195743,5.17680579,0.442871798,10.80736594,4.657928891,6.211209826,0.269965598,1.870466907,1.778918172,76,36,0.038981443,0.658402873,0.70186657,4,0.2,0.61,0.77,0.586305343
471,2/16/2020,0.99,0.01,0.0002,0.99,0.01,0.0002,0.911662031,0.080552927,0.093749865,0.704129031,0.248276145,0.17886182,0.719273784,0.58324296,0.476349316,3.482052183,4.868835956,8.464685039,5.60861736,0.42144096,15.1207902,4.211127925,7.787964028,0.349786552,2.545320456,1.520234895,91,36,0.038495936,0.658402873,0.525785321,6,0.21,0.46,0.83,0.601538558
196,2/24/2020,0.99,0.01,0.0002,0.99,0.01,0.0002,0.884934885,0.091505429,0.060468137,0.704129031,0.231335789,0.249588157,0.788732906,0.57991732,0.472788397,3.482052183,4.122442899,8.522890038,6.601644878,0.412479918,9.528832374,3.757245241,5.322376627,0.20879228,1.870466907,1.425737098,78,36,0.039206936,0.663083225,0.525785321,8,0.28,0.59,0.83,0.620601658
433,2/19/2020,0.99,0.01,0.0002,0.99,0.01,0.0002,0.896557661,0.091505429,0.060468137,0.865018417,0.256323907,0.196518437,0.795469704,0.588688416,0.465536582,2.402827065,4.662246907,9.130620205,5.60861736,0.431313127,9.528832374,3.757245241,5.373789185,0.242880268,2.673223765,1.460312432,78,36,0.038495936,0.632675899,0.59891394,4,0.16,0.61,0.83,0.620601658
85,2/22/2020,0.99,0.01,0.0002,0.99,0.01,0.0002,0.896557661,0.101297552,0.084291662,0.764752538,0.260590415,0.160520598,0.782805528,0.599531386,0.436998453,3.771300537,4.303130757,8.685702048,5.60861736,0.42144096,9.528832374,4.900786918,5.322376627,0.294624133,1.870466907,1.210199089,76,36,0.039066893,0.677124806,0.5666476,9,0.24,0.64,0.83,0.620601658
80,2/16/2020,0.99,0.01,0.0002,0.99,0.01,0.0002,0.892932283,0.114524218,0.093749865,0.845263554,0.231335789,0.17886182,0.719273784,0.581215989,0.436998453,3.405107365,5.120392268,8.35829491,6.096212275,0.442707062,15.1207902,4.599156369,7.787964028,0.270057075,1.550978745,1.778918172,78,36,0.038495936,0.658402873,0.825361799,6,0.28,0.41,0.8,0.601538558
175,2/22/2020,0.99,0.01,0.0002,0.99,0.01,0.0002,0.866099225,0.115681259,0.061989754,0.704129031,0.241829686,0.217291408,0.766350094,0.520610053,0.41099346,2.094660557,4.105111353,9.293962145,5.497958601,0.443405985,9.422732501,4.627053934,6.537252306,0.270057075,1.795963144,1.334272427,65,36,0.038495936,0.673353596,0.635423906,4,0.2,0.41,0.87,0.601538558
145,2/28/2020,0.99,0.01,0.0002,0.99,0.01,0.0002,0.896557661,0.115681259,0.060468137,0.779643486,0.23965763,0.154593311,0.719273784,0.588688416,0.422636938,3.482052183,4.662246907,8.522890038,5.497958601,0.442871798,9.528832374,4.242053611,7.570657649,0.244268967,1.795963144,1.21494339,76,36,0.039066893,0.632675899,0.525785321,4,0.28,0.61,0.87,0.620601658
475,2/28/2020,0.99,0.01,0.0002,0.99,0.01,0.0002,0.896557661,0.091505429,0.08259324,0.836057294,0.234324308,0.150287875,0.788732906,0.599531386,0.436998453,3.482052183,4.581718671,8.685702048,6.601644878,0.443405985,15.1207902,4.599156369,7.186884129,0.20879228,1.191193423,1.425737098,78,36,0.039206936,0.871303199,0.635423906,7,0.28,0.41,0.83,0.620601658
125,2/28/2020,0.99,0.01,0.0002,0.99,0.01,0.0002,0.93345038,0.105194071,0.073807676,0.764752538,0.233260781,0.210247251,0.877450107,0.559990658,0.472788397,3.243899297,4.122442899,8.104289863,5.497958601,0.448470255,9.556515366,4.599156369,6.211209826,0.326345379,2.423663221,1.210199089,56,36,0.039206936,0.663083225,0.5666476,9,0.16,0.41,0.9,0.791190901
29,2/22/2020,0.99,0.01,0.0002,0.99,0.01,0.0002,0.896557661,0.117006433,0.073807676,0.704129031,0.231335789,0.154593311,0.766350094,0.576147654,0.427358096,2.151459395,5.120392268,9.472625295,5.497958601,0.42144096,10.48819769,4.599156369,5.373789185,0.270057075,1.942010244,1.425737098,13,36,0.03734065,0.673353596,0.525785321,4,0.24,0.4,0.71,0.600259852
320,2/1/2020,0.99,0.01,0.0002,0.99,0.01,0.0002,0.911662031,0.085169554,0.093749865,0.837356239,0.245939112,0.249588157,0.766350094,0.58324296,0.476349316,2.151459395,5.051686759,8.464685039,6.868179501,0.413833515,15.1207902,4.599156369,7.841599905,0.20879228,2.545320456,1.778918172,91,36,0.03734065,0.658402873,0.525785321,4,0.32,0.41,0.9,0.600259852
495,2/28/2020,0.99,0.01,0.0002,0.99,0.01,0.0002,0.911662031,0.117006433,0.067339923,0.704129031,0.248276145,0.218972024,0.719273784,0.564697101,0.449379292,3.482052183,4.122442899,8.733295585,5.60861736,0.448470255,9.528832374,4.599156369,7.787964028,0.349786552,1.795963144,1.520234895,13,36,0.037626373,0.729510497,0.525785321,6,0.38,0.41,0.83,0.601538558
206,2/22/2020,0.99,0.01,0.0002,0.99,0.01,0.0002,0.904811041,0.090245059,0.088791096,0.704129031,0.233260781,0.160520598,0.71092005,0.501880602,0.436998453,3.507224427,4.122941459,8.35829491,5.308741039,0.42144096,16.54607567,4.900786918,5.072820859,0.294624133,1.795963144,1.210199089,65,36,0.039206936,0.777690017,0.740966155,3,0.18,0.41,0.77,0.80107816
178,2/16/2020,0.99,0.01,0.0002,0.99,0.01,0.0002,0.911662031,0.087134954,0.093749865,0.837356239,0.248276145,0.17886182,0.719273784,0.58324296,0.475025012,3.310169117,4.662246907,8.464685039,5.60861736,0.42144096,15.1207902,4.211127925,6.507585711,0.349786552,1.141896044,1.520234895,91,36,0.039206936,0.890950844,0.524555466,4,0.31,0.46,0.83,0.601538558
392,2/28/2020,0.99,0.01,0.0002,0.99,0.01,0.0002,0.939783013,0.117006433,0.067339923,0.764752538,0.231335789,0.218972024,0.874808853,0.559990658,0.427361962,3.708955885,4.122442899,8.733295585,5.497958601,0.448470255,16.54607567,4.599156369,7.570657649,0.32680768,1.730039634,1.435693554,13,36,0.037626373,0.658402873,0.5666476,6,0.38,0.47,0.74,0.808296726
264,2/22/2020,0.99,0.01,0.0002,0.99,0.01,0.0002,0.896557661,0.115681259,0.062774761,0.856089836,0.243262775,0.178784486,0.766350094,0.521106393,0.465536582,2.151459395,4.077828433,9.274622197,6.868179501,0.42144096,15.1207902,3.898134036,5.322376627,0.356156138,1.730039634,1.588235987,13,36,0.039206936,0.754891566,0.865829696,4,0.31,0.41,0.83,0.620601658
248,2/28/2020,0.99,0.01,0.0002,0.99,0.01,0.0002,0.896557661,0.105194071,0.060468137,0.704129031,0.231335789,0.150287875,0.894874052,0.559990658,0.465536582,3.181667089,4.910075395,8.480200157,6.595651556,0.442871798,15.1207902,4.211127925,6.757908201,0.244268967,2.84844894,1.781931412,76,36,0.03734065,0.604171441,0.5666476,9,0.35,0.48,0.83,0.600259852
470,2/16/2020,0.99,0.01,0.0002,0.99,0.01,0.0002,0.911662031,0.080552927,0.093749865,0.704129031,0.248276145,0.17886182,0.719273784,0.58324296,0.476349316,3.310169117,4.868835956,8.464685039,5.60861736,0.42144096,15.1207902,4.211127925,7.787964028,0.349786552,2.545320456,1.520234895,2,36,0.038495936,0.658402873,0.525785321,4,0.28,0.46,0.83,0.601538558
28,2/22/2020,0.99,0.01,0.0002,0.99,0.01,0.0002,0.915568577,0.117006433,0.073807676,0.789826222,0.231335789,0.154593311,0.766350094,0.543274597,0.413131371,2.681420065,5.120392268,9.472625295,5.497958601,0.42144096,10.73088593,4.599156369,5.373789185,0.270057075,1.795963144,1.460312432,13,36,0.038495936,0.673353596,0.605870814,4,0.24,0.4,0.83,0.600259852
406,2/5/2020,0.99,0.01,0.0002,0.99,0.01,0.0002,0.911662031,0.090977819,0.094059252,0.777153395,0.253419114,0.249588157,0.719273784,0.552525581,0.465536582,2.98543946,5.123381757,8.900275766,5.308741039,0.418990904,9.333294924,3.757245241,6.746811624,0.270057075,1.795963144,1.778918172,78,36,0.039206936,0.632675899,0.525785321,3,0.22,0.41,0.75,0.762710737
409,2/28/2020,0.99,0.01,0.0002,0.99,0.01,0.0002,0.911662031,0.099519138,0.061989754,0.875578802,0.239088016,0.17886182,0.766350094,0.559990658,0.468013162,3.013865152,4.662246907,8.833590334,5.469030864,0.442871798,10.8620386,4.211127925,5.202030193,0.20879228,1.795963144,1.520234895,78,36,0.039206936,0.777690017,0.635423906,4,0.38,0.61,0.77,0.600259852
441,2/28/2020,0.99,0.01,0.0002,0.99,0.01,0.0002,0.93345038,0.105194071,0.060468137,0.836057294,0.241829686,0.238125713,0.782805528,0.588688416,0.465536582,2.213200666,4.122442899,8.733295585,5.308741039,0.418990904,10.73088593,4.900786918,6.211209826,0.326345379,1.795963144,1.435693554,76,36,0.039687939,0.702809716,0.676591207,7,0.2,0.41,0.73,0.620601658
281,2/29/2020,0.99,0.01,0.0002,0.99,0.01,0.0002,0.915754417,0.115681259,0.08259324,0.777153395,0.231335789,0.249588157,0.719273784,0.552525581,0.41099346,3.023246717,4.581718671,9.293962145,5.308741039,0.443024358,16.54607567,4.267058751,7.234952943,0.270057075,1.870466907,1.435693554,2,36,0.039206936,0.632675899,0.525785321,4,0.37,0.41,0.73,0.620601658
390,2/5/2020,0.99,0.01,0.0002,0.99,0.01,0.0002,0.8861598,0.101297552,0.093749865,0.837356239,0.267171597,0.17886182,0.719273784,0.599531386,0.476349316,3.310169117,4.662246907,8.480200157,5.60861736,0.443405985,15.1207902,4.900786918,5.750474802,0.349786552,2.545320456,1.778918172,91,36,0.038495936,0.658402873,0.525785321,4,0.32,0.46,0.83,0.601538558
55,2/28/2020,0.99,0.01,0.0002,0.99,0.01,0.0002,0.896557661,0.091505429,0.061989754,0.779240962,0.239088016,0.239906869,0.719273784,0.546558778,0.418261062,3.013865152,4.581718671,8.522890038,5.60861736,0.442871798,17.11899123,4.627053934,5.373789185,0.242880268,1.870466907,1.520234895,76,36,0.039206936,0.777690017,0.80430164,4,0.18,0.41,0.77,0.620601658
119,2/1/2020,0.99,0.01,0.0002,0.99,0.01,0.0002,0.896557661,0.105194071,0.060468137,0.746564396,0.241829686,0.238125713,0.788732906,0.588688416,0.426291963,3.181667089,4.122442899,9.274622197,5.60861736,0.442707062,9.528832374,4.599156369,6.279520417,0.326345379,2.84844894,1.460312432,2,36,0.039066893,0.663083225,0.5666476,9,0.2,0.41,0.9,0.620601658
45,2/28/2020,0.99,0.01,0.0002,0.99,0.01,0.0002,0.896557661,0.117006433,0.08259324,0.764752538,0.260590415,0.196518437,0.769686417,0.552525581,0.44915925,3.482052183,4.581718671,8.522890038,5.60861736,0.405166711,16.32421491,4.599156369,5.373789185,0.270057075,1.870466907,1.781931412,76,36,0.039066893,0.677124806,0.5666476,2,0.31,0.59,0.83,0.620601658
239,2/3/2020,0.99,0.01,0.0002,0.99,0.01,0.0002,0.915754417,0.099519138,0.092387787,0.836057294,0.233260781,0.223347714,0.795469704,0.529588519,0.496856023,2.87223928,4.910075395,8.079043465,5.308741039,0.404532416,9.307157885,4.900786918,7.361464427,0.356156138,1.942010244,1.778918172,76,36,0.03734065,0.663083225,0.87470857,7,0.16,0.41,0.9,0.700943625
373,2/14/2020,0.99,0.01,0.0002,0.99,0.01,0.0002,0.915568577,0.101422444,0.083480291,0.716677474,0.264855461,0.204120764,0.70311865,0.588688416,0.436998453,3.968985262,5.120392268,8.833590334,5.991144692,0.418990904,16.54607567,4.211127925,6.537252306,0.269965598,2.84844894,1.460312432,2,36,0.039066893,0.673353596,0.5666476,4,0.18,0.48,0.9,0.601538558
313,2/28/2020,0.99,0.01,0.0002,0.99,0.01,0.0002,0.911662031,0.114524218,0.093749865,0.704129031,0.233260781,0.17886182,0.782805528,0.545465778,0.480045214,3.482052183,4.910075395,8.464685039,5.308741039,0.418990904,15.1207902,4.900786918,5.750474802,0.349786552,1.942010244,1.520234895,56,36,0.039687939,0.72403383,0.525785321,7,0.16,0.41,0.73,0.601538558
398,2/1/2020,0.99,0.01,0.0002,0.99,0.01,0.0002,0.896557661,0.115681259,0.084291662,0.764752538,0.231335789,0.210247251,0.874808853,0.515869283,0.41471925,3.451188522,4.893479712,8.685702048,5.497958601,0.442871798,16.54607567,4.657928891,7.31331109,0.326345379,1.795963144,1.520234895,76,36,0.03734065,0.658402873,0.525785321,9,0.38,0.4,0.9,0.605474778
310,2/28/2020,0.99,0.01,0.0002,0.99,0.01,0.0002,0.896557661,0.114524218,0.073807676,0.704129031,0.231335789,0.150287875,0.894874052,0.503161594,0.465536582,3.013865152,5.811996489,8.464685039,5.910863833,0.442871798,15.1207902,4.599156369,7.787964028,0.349786552,1.550978745,1.460312432,2,36,0.03734065,0.673353596,0.525785321,6,0.28,0.41,0.83,0.601538558
446,2/19/2020,0.99,0.01,0.0002,0.99,0.01,0.0002,0.866702712,0.115681259,0.053696497,0.777153395,0.26671743,0.223347714,0.82289329,0.520610053,0.41099346,3.023246717,5.120392268,9.293962145,5.308741039,0.442707062,16.54607567,4.627053934,5.911858165,0.270057075,1.795963144,1.460312432,40,36,0.03734065,0.777690017,0.635423906,5,0.37,0.41,0.81,0.620601658
99,2/24/2020,0.99,0.01,0.0002,0.99,0.01,0.0002,0.896557661,0.115681259,0.084291662,0.737666026,0.256323907,0.154593311,0.719273784,0.588688416,0.449379292,2.151459395,4.662246907,8.522890038,5.60861736,0.442871798,10.69077827,4.503353001,5.032894037,0.242880268,1.870466907,1.460312432,78,36,0.039066893,0.673353596,0.525785321,1,0.28,0.63,0.83,0.620601658
124,2/1/2020,0.99,0.01,0.0002,0.99,0.01,0.0002,0.93345038,0.097403786,0.083480291,0.866440311,0.233260781,0.210247251,0.777895065,0.559990658,0.450695059,3.767289062,4.62091792,8.104289863,5.497958601,0.448470255,10.53127353,4.599156369,6.211209826,0.326345379,2.423663221,1.435693554,56,36,0.039206936,0.804560923,0.5666476,5,0.21,0.41,0.9,0.808296726
487,2/16/2020,0.99,0.01,0.0002,0.99,0.01,0.0002,0.911662031,0.080552927,0.093749865,0.837356239,0.231758057,0.249588157,0.766350094,0.588688416,0.472788397,3.482052183,4.122442899,8.464685039,5.60861736,0.425276924,16.32421491,4.599156369,6.800107121,0.305743978,2.545320456,1.520234895,13,36,0.037626373,0.658402873,0.525785321,8,0.32,0.46,0.83,0.67055313
165,2/1/2020,0.99,0.01,0.0002,0.99,0.01,0.0002,0.864055852,0.103930635,0.097652752,0.737666026,0.231335789,0.17886182,0.850615089,0.501880602,0.468013162,3.507224427,5.051686759,8.104289863,5.497958601,0.432483187,17.11899123,4.657928891,5.202030193,0.349786552,1.141896044,1.520234895,78,36,0.03734065,0.729510497,0.70186657,4,0.38,0.61,0.77,0.600259852
467,2/6/2020,0.99,0.01,0.0002,0.99,0.01,0.0002,0.915754417,0.099519138,0.08259324,0.837356239,0.269421965,0.179643593,0.795469704,0.561929613,0.465536582,2.33496126,5.193109997,8.079043465,6.601644878,0.404532416,15.1207902,4.627053934,7.361464427,0.242880268,1.942010244,1.778918172,78,36,0.039206936,0.673353596,0.525785321,4,0.16,0.48,0.9,0.601538558
10,2/28/2020,0.99,0.01,0.0002,0.99,0.01,0.0002,0.8861598,0.091505429,0.08259324,0.869652653,0.234324308,0.240010586,0.71235138,0.599531386,0.427361962,3.482052183,4.581718671,8.522890038,5.60861736,0.412479918,15.1207902,3.924759778,5.750474802,0.294624133,1.191193423,1.425737098,78,36,0.038495936,0.871303199,0.605870814,7,0.28,0.41,0.83,0.601538558
27,2/5/2020,0.99,0.01,0.0002,0.99,0.01,0.0002,0.866702712,0.090977819,0.05761994,0.764752538,0.234324308,0.180630891,0.719273784,0.563743496,0.436998453,3.928295993,5.120392268,8.104289863,5.308741039,0.413833515,16.54607567,3.669863288,7.841599905,0.270057075,1.795963144,1.435693554,76,36,0.038495936,0.632675899,0.5666476,1,0.24,0.48,0.74,0.762710737
486,2/28/2020,0.99,0.01,0.0002,0.99,0.01,0.0002,0.911662031,0.095809555,0.093749865,0.837356239,0.248276145,0.249588157,0.766350094,0.58324296,0.476349316,3.482052183,4.122442899,8.464685039,6.898455568,0.425276924,15.1207902,3.124921962,7.011662483,0.349786552,1.730039634,1.520234895,91,36,0.038495936,0.658402873,0.713900445,8,0.31,0.42,0.83,0.67055313
422,2/22/2020,0.99,0.01,0.0002,0.99,0.01,0.0002,0.900369443,0.091505429,0.062774761,0.704129031,0.241829686,0.17886182,0.788732906,0.588418811,0.436998453,2.570292759,5.051686759,8.464685039,5.746030243,0.434656895,9.528832374,4.599156369,5.373789185,0.326345379,1.191193423,1.778918172,13,36,0.037626373,0.632675899,0.863827587,7,0.16,0.41,0.73,0.586305343
432,2/19/2020,0.99,0.01,0.0002,0.99,0.01,0.0002,0.896557661,0.091505429,0.060468137,0.865018417,0.256323907,0.196518437,0.795469704,0.588688416,0.422636938,3.771300537,4.662246907,8.522890038,6.578910613,0.442871798,10.69077827,3.757245241,7.69312154,0.242880268,1.870466907,1.460312432,13,36,0.039066893,0.695296516,0.525785321,9,0.28,0.48,0.83,0.620601658
18,2/1/2020,0.99,0.01,0.0002,0.99,0.01,0.0002,0.896611104,0.099519138,0.073807676,0.888020355,0.231335789,0.17886182,0.766350094,0.552525581,0.465536582,3.451188522,4.893479712,8.685702048,5.497958601,0.413833515,16.54607567,4.211127925,7.31331109,0.326345379,1.942010244,1.334272427,76,36,0.03734065,0.658402873,0.525785321,9,0.38,0.41,0.9,0.600259852
234,2/3/2020,0.99,0.01,0.0002,0.99,0.01,0.0002,0.93936222,0.090245059,0.060468137,0.789826222,0.263312627,0.238125713,0.71092005,0.599531386,0.475025012,3.764331958,4.945154887,9.977050939,5.497958601,0.418990904,10.64697193,4.627053934,7.743702004,0.294624133,2.050394597,1.435693554,13,36,0.03734065,0.753519745,0.644386296,7,0.31,0.41,0.8,0.625573981
291,2/24/2020,0.99,0.01,0.0002,0.99,0.01,0.0002,0.896557661,0.090977819,0.062774761,0.877480607,0.233260781,0.249588157,0.719273784,0.552525581,0.465536582,3.928295993,5.120392268,8.104289863,5.308741039,0.442707062,9.528832374,4.627053934,5.373789185,0.270057075,1.795963144,1.588235987,76,36,0.039206936,0.754891566,0.635423906,3,0.24,0.41,0.71,0.762710737
231,2/11/2020,0.99,0.01,0.0002,0.99,0.01,0.0002,0.896557661,0.115681259,0.060468137,0.746564396,0.231335789,0.210247251,0.874808853,0.501880602,0.44915925,3.451188522,5.120392268,8.95922422,6.578910613,0.413833515,9.528832374,4.627053934,5.060878763,0.349786552,1.870466907,1.778918172,78,36,0.037626373,0.658402873,0.635423906,3,0.31,0.63,0.76,0.641064169
277,2/28/2020,0.99,0.01,0.0002,0.99,0.01,0.0002,0.864055852,0.115681259,0.061723296,0.737666026,0.256323907,0.201485672,0.719273784,0.588688416,0.422636938,3.61806033,4.122442899,8.522890038,6.327020549,0.442871798,10.69077827,4.599156369,5.373789185,0.242880268,1.279899099,1.781931412,25,36,0.039066893,0.658402873,0.5666476,9,0.16,0.48,0.83,0.620601658
141,2/28/2020,0.99,0.01,0.0002,0.99,0.01,0.0002,0.911662031,0.080552927,0.093749865,0.764752538,0.231758057,0.17886182,0.766350094,0.58324296,0.476349316,3.482052183,4.662246907,8.317627996,5.60861736,0.425276924,16.32421491,4.970606271,7.011662483,0.349786552,1.730039634,1.781931412,91,36,0.038495936,0.658402873,0.525785321,4,0.31,0.42,0.83,0.67055313
420,2/28/2020,0.99,0.01,0.0002,0.99,0.01,0.0002,0.866099225,0.084369757,0.08259324,0.736713919,0.23965763,0.249588157,0.82289329,0.529782368,0.427361962,3.107627866,4.105111353,8.456195743,5.308741039,0.442871798,15.1207902,4.627053934,6.211209826,0.269965598,1.795963144,1.435693554,40,36,0.038981443,0.69136307,0.635423906,4,0.37,0.61,0.73,0.586305343
379,2/1/2020,0.99,0.01,0.0002,0.99,0.01,0.0002,0.864055852,0.091505429,0.060468137,0.779240962,0.260590415,0.248032583,0.719273784,0.501880602,0.436125032,3.771300537,4.581718671,8.522890038,5.60861736,0.405166711,10.69077827,4.627053934,5.373789185,0.242880268,2.050394597,1.781931412,25,36,0.03734065,0.677124806,0.665965102,9,0.18,0.48,0.83,0.620601658
9,2/1/2020,0.99,0.01,0.0002,0.99,0.01,0.0002,0.864055852,0.099519138,0.084291662,0.737666026,0.242026734,0.249588157,0.850615089,0.543621245,0.444472254,3.928295993,5.051686759,8.104289863,5.497958601,0.432483187,9.941313925,4.657928891,5.31432029,0.244268967,1.550978745,1.435693554,78,36,0.038495936,0.729510497,0.70186657,4,0.38,0.58,0.77,0.620601658
280,2/3/2020,0.99,0.01,0.0002,0.99,0.01,0.0002,0.866099225,0.099519138,0.08259324,0.837356239,0.26671743,0.160520598,0.82289329,0.520610053,0.427361962,3.023246717,4.581718671,9.293962145,5.308741039,0.443024358,16.54607567,4.267058751,7.234952943,0.269965598,1.870466907,1.778918172,40,36,0.03734065,0.658402873,0.635423906,6,0.37,0.41,0.73,0.620601658
306,2/20/2020,0.99,0.01,0.0002,0.99,0.01,0.0002,0.866099225,0.115681259,0.08259324,0.875578802,0.26671743,0.249588157,0.719273784,0.520610053,0.41099346,3.107627866,4.105111353,9.293962145,5.17680579,0.443405985,15.1207902,4.627053934,6.211209826,0.269965598,1.795963144,1.460312432,76,36,0.03734065,0.69136307,0.635423906,4,0.33,0.61,0.9,0.586305343
483,2/27/2020,0.99,0.01,0.0002,0.99,0.01,0.0002,0.864055852,0.117006433,0.094059252,0.722164451,0.231335789,0.249588157,0.850615089,0.512183045,0.465536582,3.206753651,4.077828433,8.900275766,6.868179501,0.42144096,15.1207902,4.211127925,7.841599905,0.242880268,1.795963144,1.435693554,57,36,0.039206936,0.754891566,0.525785321,9,0.21,0.57,0.83,0.528534077
56,2/16/2020,0.99,0.01,0.0002,0.99,0.01,0.0002,0.911662031,0.080552927,0.093749865,0.837356239,0.248276145,0.17886182,0.719273784,0.58324296,0.476349316,3.310169117,4.662246907,8.464685039,5.60861736,0.42144096,15.1207902,4.211127925,7.787964028,0.349786552,2.545320456,1.520234895,91,36,0.038495936,0.658402873,0.525785321,4,0.32,0.46,0.83,0.601538558
208,2/1/2020,0.99,0.01,0.0002,0.99,0.01,0.0002,0.851758061,0.117006433,0.084291662,0.764752538,0.241829686,0.210247251,0.766350094,0.588688416,0.465536582,3.482052183,5.051686759,8.660785259,6.233461401,0.413833515,16.32421491,3.519622042,6.679387338,0.326345379,1.730039634,1.781931412,76,36,0.037626373,0.85590206,0.635423906,3,0.38,0.42,0.83,0.605474778
456,2/24/2020,0.99,0.01,0.0002,0.99,0.01,0.0002,0.864055852,0.10116784,0.094059252,0.746564396,0.231335789,0.217930237,0.766350094,0.573288139,0.473319679,3.771300537,4.908989579,8.900275766,6.812714493,0.42144096,9.79282321,4.001796481,5.373789185,0.349786552,1.795963144,1.460312432,76,36,0.038495936,0.658402873,0.727022455,4,0.38,0.58,0.83,0.601538558
105,2/1/2020,0.99,0.01,0.0002,0.99,0.01,0.0002,0.896557661,0.095086817,0.061989754,0.737666026,0.231335789,0.160785844,0.877450107,0.599531386,0.49686248,3.405107365,5.120392268,8.480200157,5.497958601,0.442871798,10.48819769,3.140956673,6.537252306,0.242880268,1.942010244,1.334272427,56,36,0.039066893,0.658402873,0.530712826,10,0.24,0.54,0.82,0.54812414
228,2/3/2020,0.99,0.01,0.0002,0.99,0.01,0.0002,0.915754417,0.115681259,0.072782367,0.777153395,0.26671743,0.249588157,0.82289329,0.520610053,0.427361962,2.33496126,4.581718671,9.293962145,5.833071968,0.431313127,9.887074151,3.813913658,5.373789185,0.242880268,1.870466907,1.435693554,40,36,0.03734065,0.685818973,0.635423906,6,0.18,0.48,0.73,0.620601658
152,2/28/2020,0.99,0.01,0.0002,0.99,0.01,0.0002,0.896557661,0.091505429,0.060468137,0.837356239,0.233260781,0.201629944,0.795469704,0.574963212,0.427361962,3.482052183,5.193109997,8.522890038,6.013340349,0.412479918,15.1207902,4.599156369,5.322376627,0.20879228,1.870466907,1.435693554,76,36,0.039206936,0.663083225,0.605870814,4,0.28,0.48,0.83,0.645493971
315,2/28/2020,0.99,0.01,0.0002,0.99,0.01,0.0002,0.896557661,0.117006433,0.060468137,0.895182094,0.233260781,0.210247251,0.788732906,0.599531386,0.426291963,3.482052183,4.122442899,8.733295585,5.497958601,0.411415126,9.270844401,4.599156369,7.117004652,0.305743978,2.84844894,1.460312432,2,36,0.039066893,0.658402873,0.5666476,9,0.37,0.47,0.88,0.645493971
68,2/28/2020,0.99,0.01,0.0002,0.99,0.01,0.0002,0.896557661,0.099519138,0.08259324,0.837356239,0.269421965,0.240010586,0.788732906,0.573507285,0.427361962,2.887957718,4.581718671,8.660785259,5.833071968,0.412479918,16.54607567,4.599156369,7.234952943,0.269965598,1.870466907,1.425737098,2,36,0.039206936,0.663083225,0.605870814,4,0.28,0.4,0.83,0.601538558
123,2/28/2020,0.99,0.01,0.0002,0.99,0.01,0.0002,0.896557661,0.091505429,0.084291662,0.836057294,0.269421965,0.240010586,0.788732906,0.57259869,0.475301534,2.213200666,4.581718671,8.522890038,5.54535107,0.418990904,15.1207902,4.900786918,5.322376627,0.20879228,1.870466907,1.778918172,78,36,0.039687939,0.702809716,0.676591207,4,0.1,0.45,0.83,0.601538558
352,2/28/2020,0.99,0.01,0.0002,0.99,0.01,0.0002,0.866099225,0.115681259,0.073807676,0.704129031,0.231335789,0.150287875,0.719273784,0.515869283,0.444472254,3.013865152,5.811996489,8.660785259,5.308741039,0.442871798,9.941313925,4.627053934,5.236388127,0.294624133,2.84844894,1.435693554,68,36,0.038495936,0.88836714,0.525785321,1,0.24,0.61,0.83,0.600259852
400,2/1/2020,0.99,0.01,0.0002,0.99,0.01,0.0002,0.911662031,0.105194071,0.060468137,0.746564396,0.237107392,0.238125713,0.874808853,0.512183045,0.492265785,3.482052183,4.122442899,9.056847006,6.013340349,0.445983906,9.715542107,3.762488493,6.211209826,0.242880268,1.795963144,1.435693554,76,36,0.039066893,0.695296516,0.59891394,4,0.35,0.63,0.9,0.620601658
198,2/28/2020,0.99,0.01,0.0002,0.99,0.01,0.0002,0.896557661,0.099519138,0.062774761,0.707294543,0.233260781,0.150287875,0.894874052,0.576147654,0.465536582,2.151459395,4.077828433,8.798756194,5.497958601,0.413833515,9.528832374,4.211127925,5.322376627,0.20879228,2.84844894,1.460312432,68,36,0.03734065,0.663083225,0.525785321,9,0.24,0.41,0.83,0.600259852
12,2/15/2020,0.99,0.01,0.0002,0.99,0.01,0.0002,0.896557661,0.089692909,0.094059252,0.704129031,0.233260781,0.249588157,0.894874052,0.545575559,0.436998453,3.013865152,5.051686759,8.660785259,6.868179501,0.417224402,9.528832374,4.211127925,5.202030193,0.244268967,1.795963144,1.520234895,13,36,0.03734065,0.673353596,0.525785321,4,0.34,0.63,0.77,0.601538558
