OBJECTID,ZIP_CODE,PO_NAME,STATE,POPULATION,POP_SQMI,SQMI,Shape_Leng,Shape_Area,Longitude,Latitude
92,152,Assateague Island Ntl SE,MD,,,17.02,2.661142889,0.004528905,-75.20049768,38.13462723
5781,20001,Washington,DC,50832,23317.43,2.18,0.14606492,0.000586298,-77.01773448,38.91043604
5782,20002,Washington,DC,70497,13177.01,5.35,0.237359666,0.001438078,-76.98457599,38.90564068
5783,20003,Washington,DC,33414,13312.35,2.51,0.175743752,0.000674197,-76.99086327,38.88145546
5784,20004,Washington,DC,1855,2727.94,0.68,0.074148936,0.000183615,-77.02332835,38.89193062
5785,20005,Washington,DC,14588,32417.78,0.45,0.047993871,0.000121235,-77.03156906,38.90459913
5786,20006,Washington,DC,2738,4720.69,0.58,0.062105529,0.000155971,-77.03964623,38.89588439
5787,20007,Washington,DC,32363,9462.87,3.42,0.193401176,0.000919265,-77.07866003,38.91395582
5788,20008,Washington,DC,30530,9086.31,3.36,0.201620821,0.000902819,-77.0591559,38.9364576
5789,20009,Washington,DC,55769,42571.76,1.31,0.083202452,0.000352029,-77.0372142,38.91985345
5790,20010,Washington,DC,31941,29575,1.08,0.129165083,0.000290137,-77.03051603,38.93258555
5791,20011,Washington,DC,65045,11532.8,5.64,0.236182813,0.001518543,-77.02176987,38.9512524
5792,20012,Washington,DC,14920,6322.03,2.36,0.166676178,0.000634471,-77.03216699,38.97736788
5793,20015,Washington,DC,16101,5160.58,3.12,0.184923577,0.000840041,-77.05913072,38.96816176
5794,20016,Washington,DC,35492,7698.92,4.61,0.172348363,0.001241727,-77.09148881,38.93811824
5795,20017,Washington,DC,21307,10050.47,2.12,0.161660673,0.000571276,-76.99265224,38.93811016
5796,20018,Washington,DC,19652,6776.55,2.9,0.171266036,0.000778997,-76.9721743,38.92642102
5797,20019,Washington,DC,59198,9149.61,6.47,0.213490794,0.00173969,-76.94240742,38.89228445
5798,20020,Washington,DC,53116,11135.43,4.77,0.20899967,0.001281106,-76.97464699,38.86240855
5799,20024,Washington,DC,14879,3534.2,4.21,0.230243302,0.001132594,-77.03048153,38.87449101
5800,20032,Washington,DC,39703,4830.05,8.22,0.313478199,0.002207995,-77.0150521,38.83162756
5801,20036,Washington,DC,5381,16306.06,0.33,0.044095433,8.76E-05,-77.04170028,38.90689586
5802,20037,Washington,DC,18127,13732.58,1.32,0.126254623,0.000354146,-77.05408835,38.89637545
5804,20052,Washington,DC,,,0.06,0.025694024,1.57E-05,-77.04853323,38.89970984
5805,20057,Washington,DC,,,0.15,0.028347594,3.98E-05,-77.07519886,38.90919975
5806,20059,Washington,DC,0,0,0.09,0.025365177,2.41E-05,-77.02022716,38.92255131
5807,20064,Washington,DC,,,0.2,0.02937005,5.30E-05,-76.99914971,38.93639816
5808,20105,Aldie,VA,26871,757.57,35.47,0.726561404,0.009547463,-77.6030461,38.9566477
5810,20109,Manassas,VA,40563,1909.75,21.24,0.568156991,0.005704496,-77.52848712,38.7932146
5811,20110,Manassas,VA,47713,3500.59,13.63,0.391976898,0.003657077,-77.48888714,38.74701952
5812,20111,Manassas,VA,35514,2160.22,16.44,0.522935104,0.004412083,-77.43059131,38.74966111
5813,20112,Manassas,VA,28097,784.61,35.81,0.8352369,0.009601527,-77.42729431,38.67078025
5815,20117,Middleburg,VA,3458,71.56,48.32,0.875360145,0.013012856,-77.73408747,38.99547423
5816,20119,Catlett,VA,4278,62.29,68.68,0.947919141,0.018398974,-77.62509512,38.62127005
5817,20120,Centreville,VA,40684,2275.39,17.88,0.40732865,0.004805977,-77.47897565,38.85508905
5818,20121,Centreville,VA,28583,3120.41,9.16,0.30524821,0.002460925,-77.4601957,38.81759215
5819,20124,Clifton,VA,15113,674.99,22.39,0.567659482,0.006013067,-77.39085358,38.78107909
5820,20129,Paeonian Springs,VA,358,73.66,4.86,0.277443286,0.001313145,-77.59713084,39.16469205
5821,20130,Paris,VA,286,29.15,9.81,0.343961507,0.002643902,-77.94261892,39.03235768
5822,20132,Purcellville,VA,19321,230.64,83.77,1.245051349,0.022613726,-77.72843158,39.16518777
5823,20135,Bluemont,VA,2824,74.2,38.06,0.721044602,0.010263194,-77.87490711,39.09002824
5824,20136,Bristow,VA,31661,2103.72,15.05,0.520210544,0.004037236,-77.55513844,38.73799162
5825,20137,Broad Run,VA,2032,92.49,21.97,0.561072092,0.005902161,-77.72560605,38.80644009
5826,20141,Round Hill,VA,7464,301.33,24.77,0.567518533,0.006682751,-77.78862296,39.11634469
5827,20143,Catharpin,VA,964,104.67,9.21,0.334289582,0.002476532,-77.56580634,38.85318491
5829,20147,Ashburn,VA,64926,3226.94,20.12,0.383683672,0.005421059,-77.47957454,39.04152574
5830,20148,Ashburn,VA,55861,3009.75,18.56,0.500541853,0.004996929,-77.52954035,38.99317975
5831,20151,Chantilly,VA,23179,1667.55,13.9,0.370863868,0.003737233,-77.44568589,38.89036232
5832,20152,Chantilly,VA,36722,2530.81,14.51,0.402969752,0.003901664,-77.51729732,38.90062547
5833,20155,Gainesville,VA,35926,1504.44,23.88,0.750145332,0.006415021,-77.61918355,38.8055236
5834,20158,Hamilton,VA,3953,262.14,15.08,0.469344903,0.004069259,-77.6593459,39.13969955
5835,20164,Sterling,VA,40713,5294.28,7.69,0.266708981,0.002071751,-77.39561347,39.01254232
5836,20165,Sterling,VA,33619,3361.9,10,0.364694543,0.002694723,-77.3883295,39.05080338
5837,20166,Sterling,VA,13437,504.01,26.66,0.578278837,0.007176152,-77.46408631,38.97287843
5838,20169,Haymarket,VA,25785,711.11,36.26,0.605484093,0.009747789,-77.64515134,38.8703842
5839,20170,Herndon,VA,41663,4718.35,8.83,0.320090057,0.002378655,-77.38026175,38.98069996
5840,20171,Herndon,VA,50487,4267.71,11.83,0.309769947,0.003182531,-77.39779855,38.92424952
5841,20175,Leesburg,VA,32521,544.65,59.71,0.864662141,0.01609535,-77.60021287,39.06405499
5842,20176,Leesburg,VA,52902,958.37,55.2,0.885536419,0.014903858,-77.5338618,39.18113985
5843,20180,Lovettsville,VA,7973,180.67,44.13,0.60673895,0.011929749,-77.63736919,39.26701933
5844,20181,Nokesville,VA,9056,162.47,55.74,1.003998889,0.014946682,-77.56760025,38.6871581
5845,20184,Upperville,VA,906,22.41,40.43,0.618155589,0.010889701,-77.87497624,39.0043072
5846,20186,Warrenton,VA,15511,247.66,62.63,0.916948958,0.016795724,-77.84392452,38.69806536
5847,20187,Warrenton,VA,17792,324.2,54.88,0.948223264,0.014724179,-77.74761289,38.72387417
5848,20190,Reston,VA,19684,4269.85,4.61,0.184612518,0.001240486,-77.33683791,38.95942742
5849,20191,Reston,VA,29144,3736.41,7.8,0.288645566,0.002099373,-77.3511897,38.93424365
5850,20192,Herndon,VA,,,0.19,0.030183728,5.09E-05,-77.36538571,38.9464112
5851,20194,Reston,VA,13194,4201.91,3.14,0.150295282,0.000846534,-77.34389259,38.97974492
5852,20197,Waterford,VA,2760,191.67,14.4,0.426618886,0.003888727,-77.62562257,39.19360158
5853,20198,The Plains,VA,2293,34.76,65.96,0.979495195,0.0177355,-77.7570452,38.88470255
5854,20319,Washington,DC,80,666.67,0.12,0.032717656,3.27E-05,-77.01713344,38.86677319
5855,20373,Naval Anacost Annex,DC,,,0.61,0.06172769,0.000163501,-77.0113572,38.8544131
5856,20374,Washington Navy Yard,DC,58,644.44,0.09,0.03024096,2.40E-05,-76.99490353,38.87368278
5857,20515,Washington,DC,,,0.05,0.018834296,1.21E-05,-77.00976258,38.88680862
5858,20601,Waldorf,MD,26647,580.17,45.93,0.814614974,0.012304382,-76.85213475,38.61445882
5859,20602,Waldorf,MD,26946,1718.49,15.68,0.339074643,0.004199193,-76.89580604,38.581831
5860,20603,Waldorf,MD,32245,2184.62,14.76,0.385190771,0.003954575,-76.97386112,38.6305858
5861,20606,Abell,MD,230,132.95,1.73,0.1603684,0.000461083,-76.74661509,38.25402205
5862,20607,Accokeek,MD,11815,546.48,21.62,0.441203402,0.005796401,-77.02091731,38.67345075
5863,20608,Aquasco,MD,898,46,19.52,0.406156761,0.005226069,-76.70674161,38.58626108
5864,20609,Avenue,MD,1192,90.37,13.19,0.556509894,0.003516762,-76.7445452,38.27026297
5865,20611,Bel Alton,MD,966,194.37,4.97,0.177313886,0.001327817,-76.97649783,38.46687949
5866,20612,Benedict,MD,274,1053.85,0.26,0.044510289,6.85E-05,-76.67993953,38.51103734
5867,20613,Brandywine,MD,14472,184.4,78.48,1.104333654,0.021040651,-76.80445987,38.67295163
5868,20615,Broomes Island,MD,348,552.38,0.63,0.090580247,0.000167548,-76.54757585,38.41813609
5869,20616,Bryans Road,MD,7225,420.79,17.17,0.359522314,0.004600975,-77.09340759,38.65608753
5870,20617,Bryantown,MD,866,137.03,6.32,0.23384956,0.001691959,-76.85470268,38.54014438
5871,20618,Bushwood,MD,1368,118.85,11.51,0.411904775,0.003069633,-76.79694291,38.28202126
5872,20619,California,MD,12162,670.45,18.14,0.556551979,0.004838396,-76.52936223,38.29105305
5873,20620,Callaway,MD,1649,430.55,3.83,0.247807033,0.001020835,-76.52171133,38.2333629
5874,20621,Chaptico,MD,1137,61.63,18.45,0.535882308,0.004924007,-76.79942294,38.33261071
5875,20622,Charlotte Hall,MD,5340,142.63,37.44,0.847227707,0.010008516,-76.84749655,38.45017796
5876,20623,Cheltenham,MD,2968,1562.11,1.9,0.111692573,0.000510555,-76.83739468,38.74256546
5877,20624,Clements,MD,1114,106.2,10.49,0.380963368,0.002800283,-76.73029558,38.33372502
5878,20625,Cobb Island,MD,1116,2426.09,0.46,0.069427664,0.000122344,-76.84754189,38.26165964
5879,20626,Coltons Point,MD,422,13.28,31.77,0.490925929,0.00846249,-76.79930703,38.20500172
5880,20628,Dameron,MD,813,108.54,7.49,0.210065167,0.001993161,-76.34904922,38.14677929
5881,20629,Dowell,MD,690,851.85,0.81,0.079198773,0.000215674,-76.45291178,38.34044736
5882,20630,Drayden,MD,383,26.41,14.5,0.421223953,0.003861238,-76.46800612,38.15877303
5883,20632,Faulkner,MD,392,78.87,4.97,0.210613532,0.001328388,-76.96090008,38.43298544
5884,20634,Great Mills,MD,8677,1087.34,7.98,0.446381499,0.002127755,-76.49427849,38.24192064
5885,20636,Hollywood,MD,11234,308.37,36.43,0.562229769,0.009724544,-76.56641533,38.34705073
5886,20637,Hughesville,MD,5930,177.33,33.44,0.764421113,0.00894814,-76.77600576,38.52504946
5887,20639,Huntingtown,MD,15343,338.25,45.36,0.683089307,0.012151305,-76.60651046,38.60767604
5888,20640,Indian Head,MD,9871,162.75,60.65,1.044611698,0.016236359,-77.18160791,38.56474713
5889,20645,Issue,MD,830,22.78,36.44,0.67163201,0.009717744,-76.9574699,38.29244327
5890,20646,La Plata,MD,21152,263.84,80.17,1.466504299,0.021449911,-76.99900845,38.52166156
5891,20650,Leonardtown,MD,15688,138.57,113.21,1.105372166,0.030172254,-76.64253298,38.23954636
5892,20653,Lexington Park,MD,25084,670.87,37.39,0.828235506,0.009962699,-76.43333216,38.22785803
5893,20656,Loveville,MD,6,4.8,1.25,0.085686453,0.000332996,-76.6817708,38.34138116
5894,20657,Lusby,MD,21408,603.38,35.48,0.498094413,0.009473635,-76.44503315,38.3807341
5895,20658,Marbury,MD,633,107.29,5.9,0.254490319,0.001580183,-77.1576276,38.56913714
5896,20659,Mechanicsville,MD,25574,229.82,111.28,1.151019544,0.029730703,-76.72262086,38.41843587
5897,20662,Nanjemoy,MD,2921,26.3,111.05,0.885908476,0.029671642,-77.22313231,38.42287094
5898,20664,Newburg,MD,3140,34.51,90.99,1.304972729,0.024278536,-76.91901602,38.32234023
5899,20667,Park Hall,MD,625,456.2,1.37,0.119504923,0.000364653,-76.43665996,38.2193141
5900,20670,Patuxent River,MD,1070,85.87,12.46,0.276516318,0.00332354,-76.42297288,38.2878368
5901,20674,Piney Point,MD,808,23.71,34.08,0.60659385,0.009068445,-76.5396081,38.12362716
5902,20675,Pomfret,MD,1823,270.07,6.75,0.261103837,0.001806627,-77.01806789,38.57943288
5903,20676,Port Republic,MD,3733,257.27,14.51,0.548869023,0.0038796,-76.54529158,38.49094961
5904,20677,Port Tobacco,MD,2502,127.01,19.7,0.450073296,0.005268322,-77.0400862,38.49909988
5905,20678,Prince Frederick,MD,12448,248.76,50.04,0.761460372,0.013387184,-76.60271457,38.52019837
5906,20680,Ridge,MD,1050,113.15,9.28,0.369051649,0.002468806,-76.3726681,38.11589575
5907,20684,Saint Inigoes,MD,1267,103.68,12.22,0.283806335,0.003253623,-76.41580681,38.14005642
5908,20685,Saint Leonard,MD,6721,210.89,31.87,0.703806128,0.00851605,-76.53095857,38.43528642
5909,20687,Scotland,MD,337,3.27,103.14,0.956356308,0.027408952,-76.39133709,38.02302402
5910,20688,Solomons,MD,1659,458.29,3.62,0.179925476,0.000964777,-76.46529834,38.32873865
5911,20689,Sunderland,MD,1997,357.25,5.59,0.202563445,0.001498093,-76.58513702,38.66384736
5912,20690,Tall Timbers,MD,1057,350,3.02,0.237663382,0.000803804,-76.52981722,38.15933191
5913,20692,Valley Lee,MD,798,133.67,5.97,0.31343484,0.001588755,-76.50437505,38.18323003
5914,20693,Welcome,MD,1426,39.93,35.71,0.568397612,0.009542964,-77.08490626,38.43982873
5915,20695,White Plains,MD,11935,783.14,15.24,0.486722322,0.004081472,-76.97423196,38.59305187
5916,20701,Annapolis Junction,MD,517,230.8,2.24,0.211757227,0.00060482,-76.78493114,39.12553638
5917,20705,Beltsville,MD,28604,1697.57,16.85,0.450875822,0.004542003,-76.89686045,39.04340382
5918,20706,Lanham,MD,38138,3728.05,10.23,0.609049625,0.002753953,-76.85129687,38.96611235
5919,20707,Laurel,MD,36584,3148.36,11.62,0.329777909,0.00313259,-76.88509799,39.0954772
5920,20708,Laurel,MD,25946,1730.89,14.99,0.42128616,0.004040391,-76.82816651,39.04593151
5921,20710,Bladensburg,MD,9540,9835.05,0.97,0.107053739,0.000260278,-76.92489028,38.94242708
5922,20711,Lothian,MD,6745,205.02,32.9,0.509251478,0.008836262,-76.65218411,38.80485255
5923,20712,Mount Rainier,MD,8369,11623.61,0.72,0.078976379,0.000192971,-76.96503417,38.94274525
5924,20714,North Beach,MD,4208,3627.59,1.16,0.125575923,0.000312511,-76.53572183,38.71560061
5925,20715,Bowie,MD,25666,1853.14,13.85,0.307496653,0.003729447,-76.73910557,38.98614601
5926,20716,Bowie,MD,21497,1866.06,11.52,0.255679146,0.003099621,-76.71480987,38.92725296
5927,20720,Bowie,MD,24429,1959.02,12.47,0.423744595,0.003357337,-76.78146752,38.98611603
5928,20721,Bowie,MD,29789,1793.44,16.61,0.356814221,0.004467663,-76.78833906,38.9209916
5929,20722,Brentwood,MD,6455,4218.95,1.53,0.10448621,0.00041048,-76.94947832,38.93539486
5930,20723,Laurel,MD,34029,2627.72,12.95,0.384852741,0.003493136,-76.86662327,39.13636924
5931,20724,Laurel,MD,17250,2121.77,8.13,0.281855566,0.002192983,-76.80436842,39.10072993
5932,20732,Chesapeake Beach,MD,10824,999.45,10.83,0.366411567,0.00290212,-76.54240283,38.65883223
5933,20733,Churchton,MD,4054,809.18,5.01,0.25118813,0.001345232,-76.52866369,38.80821025
5934,20735,Clinton,MD,38794,1463.92,26.5,0.484049996,0.007111308,-76.90725534,38.74747509
5935,20736,Owings,MD,8998,334.25,26.92,0.698537014,0.007219908,-76.62627913,38.68957478
5936,20737,Riverdale,MD,21858,6447.79,3.39,0.207386465,0.000911907,-76.9153986,38.9623997
5937,20740,College Park,MD,27678,3071.92,9.01,0.366952998,0.002427195,-76.92646376,38.99788763
5938,20742,College Park,MD,10687,18425.86,0.58,0.070798257,0.000157476,-76.94078339,38.9893861
5939,20743,Capitol Heights,MD,41855,4115.54,10.17,0.45208519,0.002735786,-76.89251462,38.88295713
5940,20744,Fort Washington,MD,53126,1591.08,33.39,0.581161617,0.008961594,-76.99511485,38.75041178
5941,20745,Oxon Hill,MD,31068,4055.87,7.66,0.230396433,0.002058396,-76.99821804,38.80376073
5942,20746,Suitland,MD,30978,4214.69,7.35,0.273847112,0.001974641,-76.91925035,38.83718124
5943,20747,District Heights,MD,38601,5202.29,7.42,0.244354992,0.001993036,-76.88581716,38.85357536
5944,20748,Temple Hills,MD,37257,4190.89,8.89,0.304294389,0.002388351,-76.94049363,38.81768571
5945,20751,Deale,MD,2525,516.36,4.89,0.411447553,0.00131304,-76.56317182,38.79406406
5946,20754,Dunkirk,MD,6701,379.66,17.65,0.447003363,0.004736377,-76.65259923,38.73871484
5947,20755,Fort George G Meade,MD,9473,438.77,21.59,0.46396915,0.005820065,-76.7612923,39.0809669
5948,20758,Friendship,MD,1478,259.3,5.7,0.251712947,0.001528809,-76.59115383,38.73300579
5949,20759,Fulton,MD,6171,836.18,7.38,0.386580515,0.00199079,-76.93043357,39.15652933
5950,20762,Andrews Air Force Base,MD,3158,471.34,6.7,0.18147289,0.0017983,-76.87538842,38.80596011
5951,20763,Savage,MD,2477,2428.43,1.02,0.113353974,0.000274382,-76.81698497,39.13519475
5952,20764,Shady Side,MD,3583,1020.8,3.51,0.274522196,0.000942367,-76.51279163,38.83801178
5953,20765,Galesville,MD,566,797.18,0.71,0.075739182,0.000191046,-76.54727879,38.84352083
5954,20769,Glenn Dale,MD,6751,1024.43,6.59,0.273587241,0.001775402,-76.81639734,38.98808037
5955,20770,Greenbelt,MD,27967,5140.99,5.44,0.246176919,0.001465152,-76.88339958,39.00348991
5956,20771,Greenbelt,MD,2,2.67,0.75,0.058826839,0.000202202,-76.85466954,38.99693139
5957,20772,Upper Marlboro,MD,46996,660.71,71.13,0.863984893,0.019098113,-76.76908393,38.78292128
5958,20774,Upper Marlboro,MD,49006,1418,34.56,0.829308361,0.009293047,-76.77089463,38.87684054
5959,20776,Harwood,MD,2883,114.95,25.08,0.758291949,0.00674103,-76.60700935,38.86895699
5960,20777,Highland,MD,3292,416.71,7.9,0.25142792,0.002134023,-76.97151887,39.17462265
5961,20778,West River,MD,1601,196.2,8.16,0.342542639,0.002193065,-76.56848453,38.83807257
5962,20779,Tracys Landing,MD,1326,202.75,6.54,0.212999164,0.00175617,-76.57723899,38.76011669
5963,20781,Hyattsville,MD,12708,4621.09,2.75,0.28641873,0.000740554,-76.93548261,38.94216259
5964,20782,Hyattsville,MD,34475,8073.77,4.27,0.197211587,0.001149189,-76.96482048,38.96445202
5965,20783,Hyattsville,MD,48274,7723.84,6.25,0.304061795,0.001683974,-76.96712407,39.00192306
5966,20784,Hyattsville,MD,29464,7347.63,4.01,0.333109992,0.001079673,-76.88901968,38.95166654
5967,20785,Hyattsville,MD,39002,3873.09,10.07,0.413966555,0.002709821,-76.88174279,38.91813406
5968,20794,Jessup,MD,17145,1650.14,10.39,0.437188217,0.002805009,-76.78865633,39.15014292
5969,20812,Glen Echo,MD,216,1136.84,0.19,0.038459328,5.13E-05,-77.14281581,38.96836508
5970,20814,Bethesda,MD,31721,6135.59,5.17,0.267188711,0.001392624,-77.10257549,39.00485553
5971,20815,Chevy Chase,MD,29890,5586.92,5.35,0.236449833,0.001441337,-77.07859391,38.98356708
5972,20816,Bethesda,MD,16802,3644.69,4.61,0.266826267,0.001240516,-77.12266808,38.95742261
5973,20817,Bethesda,MD,38626,2780.85,13.89,0.436150857,0.003741155,-77.14971461,38.99671171
5974,20818,Cabin John,MD,1322,1348.98,0.98,0.112209533,0.000264062,-77.16186073,38.97530717
5975,20832,Olney,MD,24639,2612.83,9.43,0.356310731,0.00254384,-77.07238091,39.15151724
5976,20833,Brookeville,MD,8399,367.25,22.87,0.703185726,0.006177147,-77.06048088,39.21237519
5977,20837,Poolesville,MD,6271,148.95,42.1,0.67334291,0.011356058,-77.40258179,39.10975219
5978,20838,Barnesville,MD,282,83.93,3.36,0.195089345,0.000907588,-77.36543332,39.22427581
5979,20839,Beallsville,MD,304,50.25,6.05,0.281745673,0.001632592,-77.42174852,39.17951082
5980,20841,Boyds,MD,11187,401.11,27.89,0.655759629,0.007529486,-77.32592864,39.18618645
5981,20842,Dickerson,MD,1828,34.03,53.71,1.18324663,0.014504797,-77.43233935,39.2033415
5982,20850,Rockville,MD,50312,3785.7,13.29,0.448107781,0.003584856,-77.18268686,39.09011485
5983,20851,Rockville,MD,15127,6605.68,2.29,0.130337959,0.00061608,-77.12201715,39.07833679
5984,20852,Rockville,MD,46647,5103.61,9.14,0.358619057,0.00246403,-77.12572111,39.05086271
5985,20853,Rockville,MD,28834,3236.14,8.91,0.306306109,0.002404324,-77.0949815,39.10243197
5986,20854,Potomac,MD,51521,1384.6,37.21,0.781166007,0.010027154,-77.22433608,39.0346702
5987,20855,Derwood,MD,16738,1230.74,13.6,0.376334207,0.003669957,-77.13227083,39.13480251
5988,20860,Sandy Spring,MD,3299,791.13,4.17,0.183651987,0.001124554,-77.02948262,39.1497369
5989,20861,Ashton,MD,1865,582.81,3.2,0.201138292,0.000864731,-76.99511001,39.15011791
5990,20862,Brinklow,MD,640,418.3,1.53,0.10976415,0.000413931,-77.0159931,39.18140273
5991,20866,Burtonsville,MD,15016,1912.87,7.85,0.284927709,0.002116558,-76.93254904,39.11024826
5992,20868,Spencerville,MD,365,250,1.46,0.198564961,0.000393328,-76.9686211,39.12566159
5993,20871,Clarksburg,MD,25580,1136.89,22.5,0.483016328,0.006081427,-77.28285931,39.25912099
5994,20872,Damascus,MD,12504,646.54,19.34,0.450812664,0.005230188,-77.2179991,39.29209434
5995,20874,Germantown,MD,60616,2776.73,21.83,0.671709788,0.005891408,-77.29312513,39.13724609
5996,20876,Germantown,MD,26060,2616.47,9.96,0.354727711,0.002690726,-77.23399412,39.2073313
5997,20877,Gaithersburg,MD,39702,6372.71,6.23,0.327069945,0.001680232,-77.18695265,39.14151576
5998,20878,Gaithersburg,MD,68632,3214.61,21.35,0.459712,0.005758586,-77.24920529,39.11249842
5999,20879,Gaithersburg,MD,27081,3019.06,8.97,0.573835042,0.002421984,-77.17898806,39.17196109
6000,20880,Washington Grove,MD,474,1896,0.25,0.046084296,6.81E-05,-77.17364519,39.13975893
6001,20882,Gaithersburg,MD,15572,416.14,37.42,0.609828247,0.010110177,-77.14786472,39.23133008
6002,20886,Montgomery Village,MD,33641,7896.95,4.26,0.33791214,0.001149477,-77.19418247,39.17932905
6003,20895,Kensington,MD,20565,4727.59,4.35,0.271793944,0.001171134,-77.07744102,39.02764037
6004,20896,Garrett Park,MD,1047,6543.75,0.16,0.041613052,4.33E-05,-77.09330108,39.03520729
6005,20901,Silver Spring,MD,36948,6742.34,5.48,0.231407392,0.001475732,-77.00835255,39.02141536
6006,20902,Silver Spring,MD,52466,6958.36,7.54,0.299247178,0.00203229,-77.04193484,39.04389926
6007,20903,Silver Spring,MD,22020,8635.29,2.55,0.165045649,0.000686311,-76.9834259,39.01837447
6008,20904,Silver Spring,MD,55958,3915.89,14.29,0.379463032,0.003851826,-76.97909221,39.06464476
6009,20905,Silver Spring,MD,18663,1367.25,13.65,0.506705915,0.003682384,-76.99307394,39.11210715
6010,20906,Silver Spring,MD,71179,5772.83,12.33,0.349021798,0.003325976,-77.05643378,39.08774792
6011,20910,Silver Spring,MD,44459,9223.86,4.82,0.236677225,0.001297289,-77.03624372,39.00207702
6012,20912,Takoma Park,MD,24935,9235.19,2.7,0.172577073,0.000727837,-77.00001715,38.98204423
6013,21001,Aberdeen,MD,26421,842.78,31.35,0.65815263,0.008502775,-76.19998057,39.51136812
6014,21005,Aberdeen Proving Ground,MD,2568,53.44,48.05,0.891544594,0.013018731,-76.16809995,39.43339991
6015,21009,Abingdon,MD,31754,2714.02,11.7,0.440995408,0.003172125,-76.28992902,39.46876239
6016,21010,Gunpowder,MD,113,3.66,30.89,0.582639237,0.008363895,-76.28406202,39.3729775
6017,21012,Arnold,MD,21799,1797.11,12.13,0.393011375,0.003270222,-76.49778614,39.04542213
6018,21013,Baldwin,MD,4825,341.47,14.13,0.422709737,0.003832717,-76.49354542,39.51279107
6019,21014,Bel Air,MD,36890,2653.96,13.9,0.393039482,0.003773047,-76.351208,39.53642162
6020,21015,Bel Air,MD,29387,948.89,30.97,0.747443418,0.008404226,-76.29524501,39.5466883
6021,21017,Belcamp,MD,5900,1878.98,3.14,0.189657941,0.000850422,-76.23634085,39.47453847
6022,21028,Churchville,MD,3306,240.79,13.73,0.357764755,0.003727107,-76.24027393,39.56513821
6023,21029,Clarksville,MD,13033,812.02,16.05,0.568295384,0.004335105,-76.9538837,39.20618672
6024,21030,Cockeysville,MD,25940,1009.34,25.7,0.73292554,0.006970211,-76.66705576,39.49049647
6025,21031,Hunt Valley,MD,1,1.32,0.76,0.075990447,0.000206114,-76.65922683,39.48885255
6026,21032,Crownsville,MD,9222,427.74,21.56,0.534529065,0.005808161,-76.59983929,39.0360498
6027,21034,Darlington,MD,3585,131.03,27.36,0.560854683,0.007435154,-76.2204311,39.65000384
6028,21035,Davidsonville,MD,8186,270.88,30.22,0.576335175,0.008131261,-76.63799235,38.93629479
6029,21036,Dayton,MD,2220,340.49,6.52,0.232838717,0.001762025,-77.00388311,39.23534846
6030,21037,Edgewater,MD,21928,1055.25,20.78,0.523880098,0.005589754,-76.54231688,38.91530492
6031,21040,Edgewood,MD,24555,2592.93,9.47,0.333827735,0.002567107,-76.29374599,39.43390203
6032,21042,Ellicott City,MD,42585,1142.3,37.28,0.600998308,0.010078023,-76.89243296,39.27056227
6033,21043,Ellicott City,MD,49447,2846.69,17.37,0.450629497,0.004693849,-76.79726779,39.25768371
6034,21044,Columbia,MD,44634,3514.49,12.7,0.284864139,0.00343123,-76.88543546,39.2108227
6035,21045,Columbia,MD,39835,4052.39,9.83,0.23215241,0.002654232,-76.8270619,39.2062086
6036,21046,Columbia,MD,16629,2035.37,8.17,0.283362237,0.002204721,-76.8423197,39.17325595
6037,21047,Fallston,MD,13398,534.21,25.08,0.66523386,0.006805175,-76.44114637,39.53055185
6038,21048,Finksburg,MD,10680,380.75,28.05,0.607275326,0.007607821,-76.91092258,39.49564351
6039,21050,Forest Hill,MD,18543,633.52,29.27,0.609113441,0.007946916,-76.39179771,39.58582612
6040,21051,Fork,MD,388,503.9,0.77,0.073421305,0.000209163,-76.45476504,39.47579035
6041,21052,Fort Howard,MD,,,0.41,0.071738325,0.000111404,-76.44355315,39.20234413
6042,21053,Freeland,MD,3368,150.22,22.42,0.517153313,0.006096574,-76.71685582,39.69249116
6043,21054,Gambrills,MD,12470,747.15,16.69,0.72379267,0.004496599,-76.67001701,39.02292952
6044,21056,Gibson Island,MD,273,186.99,1.46,0.133145739,0.000393091,-76.43369386,39.07703679
6045,21057,Glen Arm,MD,4164,269.69,15.44,0.404179584,0.004183218,-76.5049947,39.44646821
6046,21060,Glen Burnie,MD,35262,2645.31,13.33,0.327934498,0.0035989,-76.58332284,39.16626725
6047,21061,Glen Burnie,MD,56185,4647.23,12.09,0.447461882,0.003263047,-76.63287949,39.16170819
6048,21071,Glyndon,MD,124,885.71,0.14,0.033545767,3.76E-05,-76.81424154,39.47385411
6049,21074,Hampstead,MD,15269,411.23,37.13,0.712356057,0.01008689,-76.85123504,39.61606857
6050,21075,Elkridge,MD,33209,2358.59,14.08,0.429269217,0.003802808,-76.75309322,39.20462306
6051,21076,Hanover,MD,18772,1465.42,12.81,0.548121004,0.003457451,-76.72246297,39.16842804
6052,21077,Harmans,MD,257,524.49,0.49,0.062849858,0.000132704,-76.70010304,39.15694441
6053,21078,Havre de Grace,MD,19586,646.83,30.28,0.580402056,0.008219764,-76.1457493,39.57008635
6054,21082,Hydes,MD,476,61.5,7.74,0.417610878,0.002099734,-76.47239431,39.48131598
6055,21084,Jarrettsville,MD,7820,311.18,25.13,0.558550982,0.006826889,-76.46360684,39.61904758
6056,21085,Joppa,MD,17098,933.81,18.31,0.486637428,0.004960842,-76.35453169,39.44629863
6057,21087,Kingsville,MD,5845,396.81,14.73,0.458646053,0.003991178,-76.41641802,39.44708439
6058,21090,Linthicum Heights,MD,11080,1629.41,6.8,0.21910056,0.001838004,-76.66880506,39.20871647
6059,21093,Lutherville Timonium,MD,37782,1745.93,21.64,0.653153563,0.005862982,-76.64395585,39.43790177
6060,21102,Manchester,MD,12462,311.94,39.95,0.810888487,0.010863242,-76.84560804,39.68701202
6061,21104,Marriottsville,MD,5472,318.32,17.19,0.584722303,0.004652926,-76.90776364,39.35027246
6062,21108,Millersville,MD,18465,1380.04,13.38,0.458080322,0.003608884,-76.62186038,39.0902649
6063,21111,Monkton,MD,5021,142.16,35.32,0.62077265,0.009588875,-76.58409896,39.57909119
6064,21113,Odenton,MD,36237,2417.41,14.99,0.500572625,0.004039026,-76.71454004,39.05273808
6065,21114,Crofton,MD,25181,5026.15,5.01,0.269719359,0.001348805,-76.68515511,39.00950913
6066,21117,Owings Mills,MD,58002,2061.93,28.13,0.669459845,0.007621291,-76.77628804,39.42725013
6067,21120,Parkton,MD,7388,165.91,44.53,0.912486162,0.01210118,-76.680202,39.64698458
6068,21122,Pasadena,MD,63455,1505.46,42.15,0.658241005,0.011370325,-76.4983085,39.11993917
6069,21128,Perry Hall,MD,13762,1991.61,6.91,0.376650528,0.00187118,-76.44690787,39.40538839
6070,21131,Phoenix,MD,7915,331.73,23.86,0.496319922,0.006471518,-76.57160992,39.50283038
6071,21132,Pylesville,MD,2795,119.14,23.46,0.522112245,0.0063811,-76.42640529,39.69534027
6072,21133,Randallstown,MD,29342,2978.88,9.85,0.377033581,0.002667482,-76.81397689,39.37667258
6073,21136,Reisterstown,MD,35413,590.71,59.95,1.077792783,0.016254785,-76.80885697,39.48654211
6074,21140,Riva,MD,3557,2371.33,1.5,0.10859185,0.000403688,-76.58654749,38.95155292
6075,21144,Severn,MD,36879,2320.89,15.89,0.427961805,0.00428771,-76.67767136,39.1215624
6076,21146,Severna Park,MD,28289,2519.06,11.23,0.423015258,0.003028734,-76.55672801,39.08079572
6077,21152,Sparks Glencoe,MD,5966,255.94,23.31,0.51550162,0.00632701,-76.68129906,39.54906353
6078,21153,Stevenson,MD,1203,445.56,2.7,0.243260692,0.000731078,-76.71236791,39.41656064
6079,21154,Street,MD,6434,155.79,41.3,0.954579796,0.011224163,-76.35481174,39.65159799
6080,21155,Upperco,MD,2657,108.89,24.4,0.64905594,0.006623348,-76.8030316,39.57165819
6081,21156,Upper Falls,MD,286,260,1.1,0.152398756,0.000298691,-76.39498794,39.43637177
6082,21157,Westminster,MD,37785,491.1,76.94,1.147948152,0.02088199,-76.98145909,39.54748774
6083,21158,Westminster,MD,20522,267.6,76.69,0.856167889,0.020841627,-77.03338575,39.64742362
6084,21160,Whiteford,MD,2470,149.24,16.55,0.496868555,0.004501042,-76.30830669,39.70729632
6085,21161,White Hall,MD,5723,126.87,45.11,0.655479209,0.012262573,-76.56781998,39.66143431
6086,21162,White Marsh,MD,4807,502.3,9.57,0.33399508,0.002590884,-76.39783872,39.39267741
6087,21163,Woodstock,MD,9641,654.96,14.72,0.411774269,0.003982134,-76.85788763,39.33984352
6088,21201,Baltimore,MD,17226,14004.88,1.23,0.120582285,0.000333338,-76.62253537,39.29466589
6089,21202,Baltimore,MD,24912,13840,1.8,0.110613374,0.000486558,-76.60759008,39.29598834
6090,21204,Towson,MD,25230,4240.34,5.95,0.258052216,0.001611346,-76.63247434,39.40280812
6091,21205,Baltimore,MD,16971,8043.13,2.11,0.20730728,0.000570971,-76.56251715,39.30181484
6092,21206,Baltimore,MD,49370,6924.26,7.13,0.276387985,0.001929865,-76.53690878,39.33847221
6093,21207,Gwynn Oak,MD,48971,4740.66,10.33,0.315314181,0.00279531,-76.72040732,39.3241527
6094,21208,Pikesville,MD,36962,2921.9,12.65,0.43837872,0.003424636,-76.72391562,39.38385019
6095,21209,Baltimore,MD,26505,3903.53,6.79,0.286244428,0.001837767,-76.66664024,39.37202012
6096,21210,Baltimore,MD,15142,4868.81,3.11,0.151657018,0.00084146,-76.6350876,39.35896
6097,21211,Baltimore,MD,17001,7522.57,2.26,0.175382021,0.000610872,-76.63733882,39.3298266
6098,21212,Baltimore,MD,32905,7015.99,4.69,0.195916872,0.001269112,-76.61470173,39.36719233
6099,21213,Baltimore,MD,31064,8926.44,3.48,0.153983559,0.000940686,-76.5768256,39.31501605
6100,21214,Baltimore,MD,20217,7378.47,2.74,0.164487391,0.000740559,-76.56408823,39.35183304
6101,21215,Baltimore,MD,57426,8371.14,6.86,0.263344229,0.001855863,-76.68360024,39.34573459
6102,21216,Baltimore,MD,30017,9123.71,3.29,0.14382323,0.000891093,-76.67185529,39.31087631
6103,21217,Baltimore,MD,35849,12667.49,2.83,0.159822795,0.000764668,-76.63953253,39.31037238
6104,21218,Baltimore,MD,48126,11244.39,4.28,0.182878869,0.001156677,-76.60316244,39.32956269
6105,21219,Sparrows Point,MD,9949,516.83,19.25,0.574766979,0.005201903,-76.45073575,39.22709647
6106,21220,Middle River,MD,41999,1277.73,32.87,0.544809894,0.008895233,-76.38457333,39.34323332
6107,21221,Essex,MD,43609,2178.27,20.02,0.462416716,0.005413168,-76.43663483,39.2916793
6108,21222,Dundalk,MD,56402,3560.73,15.84,0.393614998,0.004282032,-76.49698782,39.26076924
6109,21223,Baltimore,MD,24471,9521.79,2.57,0.147941925,0.000695764,-76.65274411,39.28415841
6110,21224,Baltimore,MD,52665,4216.57,12.49,0.426975887,0.003377258,-76.54368175,39.27484443
6111,21225,Brooklyn,MD,33318,4958.04,6.72,0.247690067,0.001814355,-76.61594456,39.22733634
6112,21226,Curtis Bay,MD,8543,422.29,20.23,0.428216701,0.005464242,-76.55433996,39.20779134
6113,21227,Halethorpe,MD,33583,3055.78,10.99,0.329976501,0.002970295,-76.67688796,39.23997574
6114,21228,Catonsville,MD,52209,3399.02,15.36,0.420010065,0.004152353,-76.74586177,39.27233968
6115,21229,Baltimore,MD,44780,7426.2,6.03,0.218374391,0.001630747,-76.69010727,39.28501622
6116,21230,Baltimore,MD,34755,4248.78,8.18,0.268692369,0.002212254,-76.6206522,39.26633825
6117,21231,Baltimore,MD,16783,17482.29,0.96,0.081427288,0.000258263,-76.5923725,39.28662121
6118,21234,Parkville,MD,68987,5398.04,12.78,0.456785224,0.00346209,-76.53532274,39.39479663
6119,21236,Nottingham,MD,40182,4444.91,9.04,0.576636015,0.002448322,-76.48529826,39.38690052
6120,21237,Rosedale,MD,30670,2662.33,11.52,0.458617496,0.003116694,-76.4962247,39.33796382
6121,21239,Baltimore,MD,27053,8349.69,3.24,0.199123593,0.000876706,-76.5867396,39.36351195
6122,21240,Baltimore,MD,18,4.02,4.48,0.151545293,0.001208408,-76.67215706,39.1747905
6123,21244,Windsor Mill,MD,35495,2619.56,13.55,0.309484918,0.003666475,-76.78045085,39.33357147
6124,21250,Baltimore,MD,,,0.67,0.085840226,0.000180237,-76.70996106,39.2531189
6125,21251,Baltimore,MD,1663,23757.14,0.07,0.036596977,1.81E-05,-76.58161283,39.34321038
6126,21252,Towson,MD,,,0.24,0.050460126,6.55E-05,-76.61696828,39.3898086
6127,21286,Towson,MD,22613,2546.51,8.88,0.258910758,0.002404296,-76.57678045,39.41174914
6128,21287,Baltimore,MD,7,100,0.07,0.022380062,1.84E-05,-76.59306965,39.29611023
6129,21401,Annapolis,MD,39374,1798.72,21.89,0.555800978,0.005895103,-76.55063844,38.98897666
6130,21402,Annapolis,MD,5471,2004.03,2.73,0.159194254,0.000734303,-76.4707948,38.98563579
6131,21403,Annapolis,MD,30717,2652.59,11.58,0.535112966,0.003117094,-76.49405391,38.94486167
6132,21405,Annapolis,MD,247,130,1.9,0.138549835,0.000510817,-76.54896829,39.02958835
6133,21409,Annapolis,MD,21691,1388.67,15.62,0.793058375,0.004208126,-76.4491596,39.02031328
6134,21502,Cumberland,MD,43763,455.86,96,1.332258451,0.026089095,-78.75304531,39.64573938
6135,21520,Accident,MD,2331,40.12,58.1,0.975378329,0.015785826,-79.29672837,39.62446034
6136,21521,Barton,MD,1287,47.51,27.09,0.739131529,0.007352358,-79.05651766,39.55852658
6137,21522,Bittinger,MD,,,5.63,0.288808433,0.001529978,-79.22245765,39.59699155
6138,21523,Bloomington,MD,342,21.97,15.57,0.450012412,0.004223028,-79.10181801,39.51278943
6139,21529,Ellerslie,MD,711,355.5,2,0.148780955,0.000544978,-78.76821034,39.71673786
6140,21530,Flintstone,MD,1586,27.02,58.69,0.799326274,0.015961358,-78.5246448,39.69015167
6141,21531,Friendsville,MD,2319,34.36,67.49,0.828543024,0.018343756,-79.41418609,39.65330747
6142,21532,Frostburg,MD,15996,218.26,73.29,0.91353144,0.019920311,-78.95619949,39.65188952
6143,21536,Grantsville,MD,4256,44.94,94.7,1.212430661,0.025739051,-79.16574268,39.65475344
6144,21538,Kitzmiller,MD,768,36.62,20.97,0.412652624,0.005679734,-79.22774063,39.40303032
6145,21539,Lonaconing,MD,2782,70.9,39.24,0.802046535,0.010658267,-79.01676357,39.59964394
6146,21540,Luke,MD,62,221.43,0.28,0.040515365,7.57E-05,-79.05931731,39.47681882
6147,21541,Mc Henry,MD,1350,52.47,25.73,0.873672256,0.006984917,-79.36974358,39.55653947
6148,21545,Mount Savage,MD,1927,94.69,20.35,0.447233101,0.005535057,-78.86445179,39.70132051
6149,21550,Oakland,MD,14278,69.31,205.99,1.28415082,0.055780792,-79.39242161,39.39045778
6150,21555,Oldtown,MD,1795,17.64,101.74,1.03026578,0.027627147,-78.56222801,39.5881479
6151,21557,Rawlings,MD,1797,62.74,28.64,0.551569698,0.007770566,-78.92320752,39.51931984
6152,21561,Swanton,MD,2736,31.7,86.3,1.229940577,0.023402886,-79.20888228,39.48926591
6153,21562,Westernport,MD,2972,171.99,17.28,0.486479313,0.004685653,-79.02638034,39.49337546
6154,21601,Easton,MD,24092,194.29,124,1.380304434,0.033299631,-76.08494079,38.79399073
6155,21607,Barclay,MD,434,30.12,14.41,0.425992154,0.003889241,-75.85522418,39.13619282
6156,21610,Betterton,MD,383,127.24,3.01,0.290251549,0.000813702,-76.05760192,39.36546586
6157,21612,Bozman,MD,716,56.92,12.58,0.298822595,0.003375838,-76.27257662,38.74453769
6158,21613,Cambridge,MD,17513,77.53,225.89,1.966453978,0.060430875,-76.11641999,38.51632225
6159,21617,Centreville,MD,11210,91.21,122.9,1.194161486,0.033122817,-76.04372931,39.05045149
6160,21619,Chester,MD,6850,454.85,15.06,0.828062696,0.004052709,-76.27766467,38.96145808
6161,21620,Chestertown,MD,12990,100.05,129.83,1.253953767,0.03506377,-76.09333391,39.20394086
6162,21622,Church Creek,MD,445,5.62,79.24,1.432664976,0.021160905,-76.18901288,38.38892121
6163,21623,Church Hill,MD,2149,67.62,31.78,0.668811799,0.008573795,-75.96436335,39.12055097
6164,21624,Claiborne,MD,,,0.99,0.176283043,0.000265069,-76.26725734,38.84406721
6165,21625,Cordova,MD,2575,60.82,42.34,0.614723587,0.011382457,-75.99413289,38.87178393
6166,21626,Crapo,MD,105,4.99,21.06,0.64226825,0.005620654,-76.09256075,38.33438175
6167,21627,Crocheron,MD,61,41.22,1.48,0.146264428,0.000394658,-76.04890783,38.23333797
6168,21628,Crumpton,MD,568,835.29,0.68,0.06209068,0.000183566,-75.92445616,39.23428033
6169,21629,Denton,MD,9810,114.03,86.03,1.215142149,0.023124163,-75.83041781,38.86156106
6170,21631,East New Market,MD,2877,90.27,31.87,0.766462884,0.008533284,-75.94138541,38.58591887
6171,21632,Federalsburg,MD,6446,83.1,77.57,0.996936091,0.020810769,-75.77161183,38.72054321
6172,21634,Fishing Creek,MD,343,21.52,15.94,0.54745726,0.004252592,-76.19365792,38.29562289
6173,21635,Galena,MD,2186,58.81,37.17,0.809632832,0.010057848,-75.84239392,39.33206452
6174,21636,Goldsboro,MD,1156,57.97,19.94,0.463491227,0.005370646,-75.79618874,39.02380693
6175,21638,Grasonville,MD,5143,340.82,15.09,0.588260027,0.004062036,-76.20645369,38.9563903
6176,21639,Greensboro,MD,4704,135.21,34.79,0.540286427,0.009363719,-75.79368026,38.96385269
6177,21640,Henderson,MD,1611,55.32,29.12,0.578037272,0.007849142,-75.81958262,39.06980413
6178,21643,Hurlock,MD,6012,125.91,47.75,0.821279217,0.012796612,-75.87001046,38.64505254
6179,21644,Ingleside,MD,89,18.94,4.7,0.181391558,0.001266628,-75.87591649,39.12107821
6180,21645,Kennedyville,MD,1079,24.92,43.29,0.547604189,0.011710528,-75.96919807,39.32285521
6181,21647,McDaniel,MD,349,98.59,3.54,0.205987531,0.00095065,-76.284404,38.81077849
6182,21648,Madison,MD,232,11.28,20.56,0.451070602,0.005497942,-76.23693088,38.48940075
6183,21649,Marydel,MD,1662,92.38,17.99,0.3650081,0.004853783,-75.76981204,39.13522262
6184,21650,Massey,MD,249,23.16,10.75,0.431054714,0.002908298,-75.80507665,39.31521049
6185,21651,Millington,MD,3009,73.73,40.81,0.710778899,0.011030938,-75.86516456,39.25542046
6186,21652,Neavitt,MD,,,9.66,0.243920322,0.002591156,-76.28127412,38.69407415
6187,21654,Oxford,MD,1215,88.95,13.66,0.46990789,0.003662215,-76.14104626,38.68505884
6188,21655,Preston,MD,5004,83.41,59.99,0.675632798,0.016099598,-75.91673434,38.7460066
6189,21657,Queen Anne,MD,1149,36.98,31.07,0.76080179,0.008361396,-75.98302198,38.95744591
6190,21658,Queenstown,MD,4005,82.59,48.49,0.727209497,0.013048628,-76.1391244,38.94701069
6191,21659,Rhodesdale,MD,1521,31.02,49.04,0.94359643,0.013129432,-75.7888775,38.57358676
6192,21660,Ridgely,MD,4358,148.53,29.34,0.592235835,0.007897849,-75.88482523,38.95627422
6193,21661,Rock Hall,MD,2684,55.94,47.98,0.735971276,0.012940873,-76.21792854,39.10022284
6194,21662,Royal Oak,MD,686,29.25,23.45,0.463777727,0.00628926,-76.21489393,38.69387962
6195,21663,Saint Michaels,MD,3382,152.62,22.16,0.703426272,0.005950733,-76.22759125,38.78143251
6196,21665,Sherwood,MD,225,40.47,5.56,0.35236738,0.001491853,-76.32699099,38.74235898
6197,21666,Stevensville,MD,12714,430.98,29.5,0.803164861,0.007939482,-76.32459809,38.95253132
6198,21667,Still Pond,MD,238,35.95,6.62,0.338901548,0.001791817,-76.05225377,39.34179384
6199,21668,Sudlersville,MD,2335,46.29,50.44,0.79669112,0.013619608,-75.85639201,39.183318
6200,21669,Taylors Island,MD,232,10.89,21.31,0.503363776,0.005698071,-76.29695491,38.47793327
6201,21671,Tilghman,MD,827,65.58,12.61,0.286263132,0.003381313,-76.32214108,38.67879407
6202,21672,Toddville,MD,180,9.51,18.92,1.208932064,0.005042123,-76.06071359,38.23273673
6203,21673,Trappe,MD,3063,42.03,72.87,0.835704309,0.019530745,-76.05131793,38.6490483
6204,21675,Wingate,MD,162,18.69,8.67,0.314510383,0.002310656,-76.1064992,38.2742881
6205,21676,Wittman,MD,393,64.96,6.05,0.259249951,0.001623651,-76.29881904,38.78344304
6206,21677,Woolford,MD,478,63.65,7.51,0.379627615,0.002009068,-76.19975861,38.50527977
6207,21678,Worton,MD,2211,52.48,42.13,0.573795972,0.011394421,-76.10280132,39.30444462
6208,21679,Wye Mills,MD,394,48.46,8.13,0.211490921,0.00218611,-76.0886931,38.91782787
6209,21701,Frederick,MD,38069,985.48,38.63,1.101039739,0.010470124,-77.33776809,39.44710588
6210,21702,Frederick,MD,41962,960.67,43.68,0.661950071,0.011842796,-77.45827605,39.48468654
6211,21703,Frederick,MD,37590,1112.79,33.78,0.564716834,0.009144899,-77.46846336,39.36738496
6212,21704,Frederick,MD,16596,595.48,27.87,0.645842504,0.007543654,-77.37464549,39.35021625
6213,21710,Adamstown,MD,4765,163.18,29.2,0.609424662,0.00789589,-77.43860386,39.29243637
6214,21711,Big Pool,MD,999,34.7,28.79,0.58734152,0.007826902,-78.01408528,39.66963844
6215,21713,Boonsboro,MD,13784,341.53,40.36,0.800899765,0.010948727,-77.67330549,39.52500361
6216,21716,Brunswick,MD,5899,1953.31,3.02,0.14419765,0.000818187,-77.62593129,39.31765561
6217,21718,Burkittsville,MD,158,207.89,0.76,0.076138809,0.000204745,-77.63294094,39.39424722
6218,21719,Cascade,MD,1598,354.32,4.51,0.174647254,0.001225826,-77.50063122,39.70521818
6219,21722,Clear Spring,MD,5651,103.18,54.77,0.925205459,0.014889404,-77.91388727,39.66654634
6220,21723,Cooksville,MD,583,186.26,3.13,0.222239424,0.000846326,-77.00932677,39.32902308
6221,21727,Emmitsburg,MD,6167,180.43,34.18,0.597619452,0.00929523,-77.33137164,39.68800721
6222,21733,Fairplay,MD,1097,152.36,7.2,0.298642497,0.001954016,-77.75966456,39.5486967
6223,21734,Funkstown,MD,,,0.13,0.027886389,3.53E-05,-77.7076238,39.60998018
6224,21737,Glenelg,MD,1805,351.17,5.14,0.255185296,0.001389445,-77.01815567,39.2562664
6225,21738,Glenwood,MD,3665,624.36,5.87,0.268466947,0.001585863,-77.02616687,39.27885002
6226,21740,Hagerstown,MD,63361,916.28,69.15,1.374866203,0.018788906,-77.73806526,39.63280712
6227,21742,Hagerstown,MD,32184,653.61,49.24,0.863955532,0.01338771,-77.65599748,39.67064282
6228,21750,Hancock,MD,3713,60.08,61.8,1.024328346,0.016806404,-78.21771553,39.68771391
6229,21754,Ijamsville,MD,7742,362.79,21.34,0.619854218,0.005773926,-77.30929782,39.3389489
6230,21755,Jefferson,MD,5538,149.68,37,0.872370885,0.010016533,-77.56394844,39.36100811
6231,21756,Keedysville,MD,3611,161.21,22.4,0.578409815,0.006072564,-77.70291473,39.45641335
6232,21757,Keymar,MD,3041,74.81,40.65,0.712251193,0.011040906,-77.25340511,39.59951003
6233,21758,Knoxville,MD,5232,142.41,36.74,0.828046203,0.009942312,-77.66055249,39.34775366
6234,21766,Little Orleans,MD,665,16.45,40.43,0.897775331,0.010989002,-78.39923773,39.65234921
6235,21767,Maugansville,MD,873,2078.57,0.42,0.056278704,0.000114103,-77.74644002,39.69748347
6236,21769,Middletown,MD,12040,290.61,41.43,0.792039745,0.011229537,-77.56661826,39.44879481
6237,21770,Monrovia,MD,6153,532.27,11.56,0.408070145,0.003127673,-77.25663953,39.35286227
6238,21771,Mount Airy,MD,30237,365.49,82.73,0.979714423,0.022403613,-77.15665094,39.39042195
6239,21773,Myersville,MD,5595,154.34,36.25,0.61819577,0.009837702,-77.54814501,39.54018961
6240,21774,New Market,MD,14078,861.57,16.34,0.368328728,0.004427268,-77.26955965,39.41026835
6241,21776,New Windsor,MD,5993,156.64,38.26,0.653643006,0.010378136,-77.10526853,39.51542959
6242,21777,Point of Rocks,MD,1833,860.56,2.13,0.143180812,0.00057608,-77.52787118,39.27267661
6243,21778,Rocky Ridge,MD,1135,68.91,16.47,0.405344567,0.004474377,-77.33368954,39.6120822
6244,21779,Rohrersville,MD,969,110.74,8.75,0.331638489,0.002369373,-77.65137216,39.42725756
6245,21780,Sabillasville,MD,1485,71.53,20.76,0.445656622,0.005645192,-77.46412806,39.6776669
6246,21782,Sharpsburg,MD,4402,140.15,31.41,0.877251741,0.008512333,-77.76168663,39.45388912
6247,21783,Smithsburg,MD,9504,210.22,45.21,0.781226453,0.012286925,-77.560306,39.64991548
6248,21784,Sykesville,MD,40848,702.34,58.16,0.907268659,0.015750761,-76.97253856,39.40023294
6249,21787,Taneytown,MD,11070,196.91,56.22,0.868777908,0.0152856,-77.17238695,39.67337194
6250,21788,Thurmont,MD,11501,177.16,64.92,0.940488839,0.017631686,-77.4170977,39.59597294
6251,21790,Tuscarora,MD,121,35.38,3.42,0.198456172,0.000924269,-77.4959981,39.26007423
6252,21791,Union Bridge,MD,5148,108.81,47.31,0.924494087,0.012838411,-77.18948099,39.53559498
6253,21793,Walkersville,MD,10505,450.86,23.3,0.492741146,0.006316975,-77.34080628,39.48845777
6254,21794,West Friendship,MD,2707,294.88,9.18,0.303177296,0.002481614,-76.97575852,39.29744675
6255,21795,Williamsport,MD,9023,249.67,36.14,0.790031184,0.009814303,-77.82891053,39.5870532
6256,21797,Woodbine,MD,9301,216.25,43.01,0.801200621,0.011638257,-77.07017498,39.33542067
6257,21798,Woodsboro,MD,2264,162.99,13.89,0.492824046,0.003768123,-77.30161146,39.54050497
6258,21801,Salisbury,MD,31171,741.64,42.03,0.754470906,0.011222183,-75.63738331,38.37931387
6259,21804,Salisbury,MD,40863,632.55,64.6,0.883036444,0.017236636,-75.53595699,38.3266103
6260,21811,Berlin,MD,21903,207.83,105.39,1.9463129,0.02812195,-75.22377094,38.3283819
6261,21813,Bishopville,MD,2791,104.81,26.63,1.150617495,0.00711583,-75.17587155,38.42635888
6262,21814,Bivalve,MD,330,59.03,5.59,0.176939152,0.00149048,-75.90143288,38.29856812
6263,21817,Crisfield,MD,5087,213.02,23.88,1.855564147,0.006343158,-75.84817877,37.98128563
6264,21821,Deal Island,MD,966,41.8,23.11,0.811060752,0.00615487,-75.90608524,38.17102728
6265,21822,Eden,MD,2468,58.06,42.51,0.836369751,0.011337201,-75.65293327,38.27855385
6266,21824,Ewell,MD,194,12.44,15.6,2.358973147,0.004145923,-76.01937462,38.02692053
6267,21826,Fruitland,MD,5733,1638,3.5,0.201706189,0.000933541,-75.62240366,38.32150498
6268,21829,Girdletree,MD,535,30.54,17.52,0.57695813,0.00466163,-75.38260861,38.10270592
6269,21830,Hebron,MD,4254,130.49,32.6,0.823537335,0.008708257,-75.72751477,38.39964185
6270,21835,Linkwood,MD,473,81.55,5.8,0.262722242,0.00155301,-75.94164208,38.53793179
6271,21837,Mardela Springs,MD,2812,57.21,49.15,0.645261687,0.013138371,-75.76708059,38.45957867
6272,21838,Marion Station,MD,1799,29.55,60.88,1.096109319,0.016176182,-75.73451937,38.01771331
6273,21840,Nanticoke,MD,424,46.39,9.14,0.282998256,0.002435585,-75.89878284,38.26241993
6274,21841,Newark,MD,876,24.64,35.55,0.66906616,0.009477503,-75.29569994,38.25067393
6275,21842,Ocean City,MD,10947,1129.72,9.69,1.059128807,0.002588007,-75.09403181,38.36981256
6276,21849,Parsonsburg,MD,3448,112.17,30.74,0.705242695,0.00820894,-75.46405852,38.37930482
6277,21850,Pittsville,MD,2925,92.24,31.71,0.803393976,0.008464118,-75.39966845,38.3565141
6278,21851,Pocomoke City,MD,7146,61.67,115.88,0.959675674,0.030818979,-75.54200561,38.07987212
6279,21853,Princess Anne,MD,14481,116.06,124.77,1.228122645,0.033236089,-75.71613928,38.20103673
6280,21856,Quantico,MD,1121,28.82,38.89,0.904446538,0.010378055,-75.79573677,38.33551401
6281,21861,Sharptown,MD,779,455.56,1.71,0.103336784,0.000456622,-75.71166816,38.54369121
6282,21862,Showell,MD,86,153.57,0.56,0.062373389,0.000149658,-75.21602132,38.3993485
6283,21863,Snow Hill,MD,5232,41.77,125.27,1.412862518,0.033368961,-75.41348716,38.19828647
6284,21864,Stockton,MD,594,32.2,18.45,0.463455367,0.004903244,-75.40809639,38.04083481
6285,21865,Tyaskin,MD,469,23.69,19.8,0.543016824,0.005279974,-75.84245455,38.29042978
6286,21869,Vienna,MD,1006,8.35,120.55,1.746533419,0.032206686,-75.90132091,38.41913004
6287,21871,Westover,MD,2163,34.17,63.31,1.400545413,0.016841915,-75.73947071,38.10287105
6288,21872,Whaleyville,MD,714,46.12,15.48,0.43889848,0.004135428,-75.29736699,38.42172063
6289,21874,Willards,MD,2414,87.05,27.73,0.529312412,0.007405738,-75.35476,38.39412351
6290,21875,Delmar,MD,6941,280.1,24.78,0.789259164,0.006623049,-75.55238008,38.44378681
6291,21901,North East,MD,18021,342.08,52.68,1.18676221,0.01430422,-75.95666169,39.57865389
6292,21903,Perryville,MD,6320,382.57,16.52,0.496754388,0.004484087,-76.04453682,39.57257028
6293,21904,Port Deposit,MD,7553,253.54,29.79,0.642455826,0.008094833,-76.06985137,39.62238218
6294,21911,Rising Sun,MD,11269,304.65,36.99,0.842035301,0.01006029,-76.03895931,39.6903364
6295,21912,Warwick,MD,1195,34.68,34.46,0.524115704,0.009335787,-75.8174329,39.42302729
6296,21913,Cecilton,MD,709,1688.1,0.42,0.045365549,0.00011296,-75.86831543,39.40442951
6297,21914,Charlestown,MD,796,855.91,0.93,0.078778771,0.00025264,-75.97697625,39.5724541
6298,21915,Chesapeake City,MD,3278,110.18,29.75,0.517738346,0.008068986,-75.84484476,39.50026436
6299,21917,Colora,MD,2507,324.74,7.72,0.322138133,0.002099641,-76.09793729,39.66885765
6300,21918,Conowingo,MD,4406,224.34,19.64,0.439721772,0.005341917,-76.16867501,39.68452676
6301,21919,Earleville,MD,3929,71.54,54.92,0.522494497,0.014878099,-75.94241686,39.41999851
6302,21921,Elkton,MD,45761,456.42,100.26,1.011904458,0.027239774,-75.85876854,39.62579183
6303,21930,Georgetown,MD,,,1.59,0.103160032,0.00042981,-75.88729873,39.37119326
6304,22003,Annandale,VA,56851,4511.98,12.6,0.369725861,0.003386598,-77.21353019,38.83076989
6305,22015,Burke,VA,42920,4922.02,8.72,0.309642126,0.00234058,-77.28141271,38.786974
6306,22025,Dumfries,VA,18262,1752.59,10.42,0.301426754,0.002789677,-77.34741714,38.59450153
6307,22026,Dumfries,VA,17055,1710.63,9.97,0.344088473,0.002668061,-77.29292422,38.56869417
6308,22027,Dunn Loring,VA,2385,3726.56,0.64,0.07610588,0.000170955,-77.22133687,38.8945065
6309,22030,Fairfax,VA,60923,3166.48,19.24,0.458391552,0.005170824,-77.34142896,38.83971426
6310,22031,Fairfax,VA,34589,4784.09,7.23,0.316253486,0.001943432,-77.259228,38.86000978
6311,22032,Fairfax,VA,29559,3935.95,7.51,0.235657041,0.002018333,-77.29011495,38.8202852
6312,22033,Fairfax,VA,38926,4853.62,8.02,0.292421238,0.002155879,-77.38389982,38.87568042
6313,22039,Fairfax Station,VA,17439,697.28,25.01,0.665654732,0.006712572,-77.31587838,38.74979297
6314,22041,Falls Church,VA,28565,9585.57,2.98,0.213274121,0.00079991,-77.14238007,38.84853698
6315,22042,Falls Church,VA,36073,5725.87,6.3,0.244053591,0.001692413,-77.1945618,38.86442328
6316,22043,Falls Church,VA,23833,4757.09,5.01,0.248794534,0.001347671,-77.19758762,38.90020493
6317,22044,Falls Church,VA,14517,6423.45,2.26,0.184177026,0.00060665,-77.15647623,38.85990778
6318,22046,Falls Church,VA,17486,6405.13,2.73,0.168510359,0.000734074,-77.1802275,38.88694698
6319,22060,Fort Belvoir,VA,8647,626.59,13.8,0.336495694,0.003702427,-77.15600883,38.707623
6320,22066,Great Falls,VA,17655,678.52,26.02,0.43006406,0.007009144,-77.30243258,39.01019515
6321,22067,Greenway,VA,,,0.55,0.055955254,0.000148724,-77.2310372,38.97078305
6322,22079,Lorton,VA,37144,1024.94,36.24,0.645009594,0.009717331,-77.20396219,38.67499211
6323,22101,Mc Lean,VA,29991,2323.08,12.91,0.269188794,0.00347493,-77.16467097,38.93843142
6324,22102,Mc Lean,VA,28257,2339.16,12.08,0.41209711,0.00325119,-77.22830179,38.95101182
6325,22124,Oakton,VA,18580,1821.57,10.2,0.317947386,0.002743645,-77.32980172,38.89106462
6326,22125,Occoquan,VA,1000,7692.31,0.13,0.024050897,3.57E-05,-77.26146286,38.68250992
6327,22134,Quantico,VA,7340,150.69,48.71,1.059437008,0.013039267,-77.43697172,38.56344429
6328,22150,Springfield,VA,28044,3581.61,7.83,0.319193233,0.002101635,-77.18573518,38.77204247
6329,22151,Springfield,VA,16942,3220.91,5.26,0.220536988,0.001413321,-77.20989919,38.80286165
6330,22152,Springfield,VA,28337,4637.81,6.11,0.196658764,0.001640695,-77.23176232,38.77578334
6331,22153,Springfield,VA,31991,3746.02,8.54,0.290197487,0.002290714,-77.23411228,38.74540251
6332,22172,Triangle,VA,11071,793.05,13.96,0.494154162,0.003737946,-77.36058981,38.56283387
6333,22180,Vienna,VA,24692,4235.33,5.83,0.27505541,0.001567625,-77.25478294,38.89666933
6334,22181,Vienna,VA,14336,2587.73,5.54,0.252227575,0.001489866,-77.29475518,38.90541724
6335,22182,Vienna,VA,27027,2248.5,12.02,0.400652628,0.003234639,-77.27363179,38.93617184
6336,22191,Woodbridge,VA,68843,3421.62,20.12,0.333452906,0.005391089,-77.26234146,38.62396368
6337,22192,Woodbridge,VA,57425,2824.64,20.33,0.489431591,0.005450435,-77.31880525,38.68326039
6338,22193,Woodbridge,VA,76846,4361.29,17.62,0.476530495,0.004721189,-77.34921268,38.64285604
6339,22201,Arlington,VA,38504,16246.41,2.37,0.186804919,0.000638094,-77.09493894,38.88665133
6340,22202,Arlington,VA,26599,6633.17,4.01,0.163755902,0.001076697,-77.05175235,38.85652653
6341,22203,Arlington,VA,24069,15629.22,1.54,0.12866722,0.000413311,-77.1182386,38.87359584
6342,22204,Arlington,VA,50708,11931.29,4.25,0.21272271,0.001143589,-77.09781997,38.86050566
6343,22205,Arlington,VA,18203,6766.91,2.69,0.14953157,0.000724003,-77.13967729,38.88379299
6344,22206,Arlington,VA,18660,10366.67,1.8,0.162402708,0.00048322,-77.09156109,38.84264066
6345,22207,Arlington,VA,32202,5000.31,6.44,0.232529017,0.001733412,-77.12357224,38.90668668
6346,22209,Arlington,VA,15198,19737.66,0.77,0.084502698,0.000206894,-77.07325886,38.89378486
6347,22211,Fort Myer,VA,680,417.18,1.63,0.094461026,0.000438384,-77.07140761,38.87798264
6348,22213,Arlington,VA,3167,5460.34,0.58,0.083514832,0.000155612,-77.16232346,38.89539871
6349,22301,Alexandria,VA,14450,9322.58,1.55,0.115584806,0.000416923,-77.05976046,38.81942168
6350,22302,Alexandria,VA,17701,8271.5,2.14,0.232254193,0.000574974,-77.08426465,38.82842696
6351,22303,Alexandria,VA,16603,8692.67,1.91,0.181209891,0.000513219,-77.08095992,38.79361842
6352,22304,Alexandria,VA,47090,9343.25,5.04,0.26418572,0.001353693,-77.1156257,38.81340676
6353,22305,Alexandria,VA,17795,14829.17,1.2,0.096046168,0.000321239,-77.06459153,38.83686361
6354,22306,Alexandria,VA,33661,7131.57,4.72,0.256379832,0.001266318,-77.08426784,38.75770556
6355,22307,Alexandria,VA,10557,2449.42,4.31,0.167750193,0.001156868,-77.05671855,38.77104708
6356,22308,Alexandria,VA,13194,2801.27,4.71,0.157599732,0.001262819,-77.05895548,38.72937207
6357,22309,Alexandria,VA,34275,4231.48,8.1,0.228359856,0.002172775,-77.1067682,38.71993858
6358,22310,Alexandria,VA,28824,4282.91,6.73,0.34200859,0.001807704,-77.12228881,38.78460155
6359,22311,Alexandria,VA,17923,11272.33,1.59,0.142494269,0.000427618,-77.12286067,38.83454322
6360,22312,Alexandria,VA,31234,6309.9,4.95,0.256192043,0.001330623,-77.15346373,38.81752284
6361,22314,Alexandria,VA,35057,8467.87,4.14,0.252589606,0.001111662,-77.05647135,38.80844809
6362,22315,Alexandria,VA,26061,3336.88,7.81,0.292649766,0.002095198,-77.13706631,38.75650852
